id,recipeId,ingredientName,quantityUsed,unitType,unitCost,updatedAt,inventoryId
3469,269,.,1,,1,2026-03-17 15:27:10.245367,
8853,8,Straw,1,Per Cup,0.01,2026-04-03 13:42:21.669548,103
8854,8,Cup & Lid,1,Per Cup,0.21,2026-04-03 13:42:21.669548,104
8855,8,Sticker (Logo),1,Per Cup,0.05,2026-04-03 13:42:21.669548,105
8856,8,Sticker Printer,1,Per Cup,0.01,2026-04-03 13:42:21.669548,106
8857,8,Cup Labor,1,Per Cup,0.06,2026-04-03 13:42:21.669548,108
8858,8,Ice,1,per lb,0.19,2026-04-03 13:42:21.669548,109
8859,8,Water,2,per cup (8oz),0.03,2026-04-03 13:42:21.669548,110
8860,8,Tea Concentrate,2,Per Cup,0.06,2026-04-03 13:42:21.669548,111
8861,8,Lemon,1,Per Cup,0.28,2026-04-03 13:42:21.669548,112
8862,8,Simple Syrup,3,Per Oz,0.03,2026-04-03 13:42:21.669548,114
8873,10,Straw,1,Per Cup,0.01,2026-04-03 13:42:21.669548,103
8874,10,Cup & Lid,1,Per Cup,0.21,2026-04-03 13:42:21.669548,104
8875,10,Sticker (Logo),1,Per Cup,0.05,2026-04-03 13:42:21.669548,105
8876,10,Sticker Printer,1,Per Cup,0.01,2026-04-03 13:42:21.669548,106
8877,10,Cup Labor,1,Per Cup,0.06,2026-04-03 13:42:21.669548,108
8878,10,Ice,1,per lb,0.19,2026-04-03 13:42:21.669548,109
8879,10,Water,2,per cup (8oz),0.03,2026-04-03 13:42:21.669548,110
8880,10,Lime,1,Per Cup,0.22,2026-04-03 13:42:21.669548,113
8881,10,Simple Syrup,2,Per Oz,0.03,2026-04-03 13:42:21.669548,114
8882,10,Coconut,0.25,Per Oz,0.29,2026-04-03 13:42:21.669548,119
8883,10,Blue Raspberry,0.75,Per Oz,0.29,2026-04-03 13:42:21.669548,117
10208,130,Straw,1,Per Cup,0.01,2026-04-03 13:42:21.669548,103
10209,130,Cup & Lid,1,Per Cup,0.21,2026-04-03 13:42:21.669548,104
10210,130,Sticker (Logo),1,Per Cup,0.05,2026-04-03 13:42:21.669548,105
10211,130,Sticker Printer,1,Per Cup,0.01,2026-04-03 13:42:21.669548,106
10212,130,Cup Labor,1,Per Cup,0.06,2026-04-03 13:42:21.669548,108
10213,130,Ice,1,per lb,0.19,2026-04-03 13:42:21.669548,109
10214,130,Water,2,per cup (8oz),0.03,2026-04-03 13:42:21.669548,110
10215,130,Lime,1,Per Cup,0.22,2026-04-03 13:42:21.669548,113
10216,130,Simple Syrup,2,Per Oz,0.03,2026-04-03 13:42:21.669548,114
10217,130,Cherry,1,Per Oz,0.29,2026-04-03 13:42:21.669548,128
9792,93,Straw,1,Per Cup,0.01,2026-04-03 13:42:21.669548,103
9793,93,Cup & Lid,1,Per Cup,0.21,2026-04-03 13:42:21.669548,104
9794,93,Sticker (Logo),1,Per Cup,0.05,2026-04-03 13:42:21.669548,105
9795,93,Sticker Printer,1,Per Cup,0.01,2026-04-03 13:42:21.669548,106
9796,93,Cup Labor,1,Per Cup,0.06,2026-04-03 13:42:21.669548,108
9797,93,Ice,1,per lb,0.19,2026-04-03 13:42:21.669548,109
9798,93,Water,2,per cup (8oz),0.03,2026-04-03 13:42:21.669548,110
9799,93,Lemon,1,Per Cup,0.28,2026-04-03 13:42:21.669548,112
8787,1,Straw,1,Per Cup,0.01,2026-04-03 13:42:21.669548,103
9800,93,Simple Syrup,2,Per Oz,0.03,2026-04-03 13:42:21.669548,114
9801,93,Sweetened Condensed Milk,0.5,Per Oz,0.14,2026-04-03 13:42:21.669548,116
9802,93,Pineapple,0.25,Per Oz,0.29,2026-04-03 13:42:21.669548,123
9803,93,Blue Raspberry,0.5,Per Oz,0.29,2026-04-03 13:42:21.669548,117
9689,84,Straw,1,Per Cup,0.01,2026-04-03 13:42:21.669548,103
9690,84,Cup & Lid,1,Per Cup,0.21,2026-04-03 13:42:21.669548,104
9691,84,Sticker (Logo),1,Per Cup,0.05,2026-04-03 13:42:21.669548,105
9692,84,Sticker Printer,1,Per Cup,0.01,2026-04-03 13:42:21.669548,106
9693,84,Cup Labor,1,Per Cup,0.06,2026-04-03 13:42:21.669548,108
9694,84,Ice,1,per lb,0.19,2026-04-03 13:42:21.669548,109
9695,84,Water,2,per cup (8oz),0.03,2026-04-03 13:42:21.669548,110
9696,84,Lemon,1,Per Cup,0.28,2026-04-03 13:42:21.669548,112
9697,84,Simple Syrup,1,Per Oz,0.03,2026-04-03 13:42:21.669548,114
9698,84,Sweetened Condensed Milk,0.5,Per Oz,0.14,2026-04-03 13:42:21.669548,116
9699,84,Strawberry,0.5,Per Oz,0.29,2026-04-03 13:42:21.669548,125
9700,84,Pineapple,0.25,Per Oz,0.29,2026-04-03 13:42:21.669548,123
9701,84,Coconut,0.25,Per Oz,0.29,2026-04-03 13:42:21.669548,119
9444,62,Straw,1,Per Cup,0.01,2026-04-03 13:42:21.669548,103
9445,62,Cup & Lid,1,Per Cup,0.21,2026-04-03 13:42:21.669548,104
9446,62,Sticker (Logo),1,Per Cup,0.05,2026-04-03 13:42:21.669548,105
9447,62,Sticker Printer,1,Per Cup,0.01,2026-04-03 13:42:21.669548,106
9448,62,Cup Labor,1,Per Cup,0.06,2026-04-03 13:42:21.669548,108
9449,62,Ice,1,per lb,0.19,2026-04-03 13:42:21.669548,109
9450,62,Water,2,per cup (8oz),0.03,2026-04-03 13:42:21.669548,110
9451,62,Lemon,1,Per Cup,0.28,2026-04-03 13:42:21.669548,112
9452,62,Simple Syrup,2,Per Oz,0.03,2026-04-03 13:42:21.669548,114
9453,62,French Vanilla,0.5,Per Oz,0.29,2026-04-03 13:42:21.669548,127
9454,62,Candied Orange,0.5,Per Oz,0.29,2026-04-03 13:42:21.669548,118
9587,75,Straw,1,Per Cup,0.01,2026-04-03 13:42:21.669548,103
9588,75,Cup & Lid,1,Per Cup,0.21,2026-04-03 13:42:21.669548,104
9589,75,Sticker (Logo),1,Per Cup,0.05,2026-04-03 13:42:21.669548,105
9590,75,Sticker Printer,1,Per Cup,0.01,2026-04-03 13:42:21.669548,106
9591,75,Cup Labor,1,Per Cup,0.06,2026-04-03 13:42:21.669548,108
9592,75,Ice,1,per lb,0.19,2026-04-03 13:42:21.669548,109
9593,75,Water,2,per cup (8oz),0.03,2026-04-03 13:42:21.669548,110
9594,75,Lemon,1,Per Cup,0.28,2026-04-03 13:42:21.669548,112
9595,75,Simple Syrup,2,Per Oz,0.03,2026-04-03 13:42:21.669548,114
9596,75,Sweetened Condensed Milk,0.5,Per Oz,0.14,2026-04-03 13:42:21.669548,116
9597,75,Pineapple,0.5,Per Oz,0.29,2026-04-03 13:42:21.669548,123
9598,75,Coconut,0.5,Per Oz,0.29,2026-04-03 13:42:21.669548,119
9013,23,Straw,1,Per Cup,0.01,2026-04-03 13:42:21.669548,103
9014,23,Cup & Lid,1,Per Cup,0.21,2026-04-03 13:42:21.669548,104
9015,23,Sticker (Logo),1,Per Cup,0.05,2026-04-03 13:42:21.669548,105
9016,23,Sticker Printer,1,Per Cup,0.01,2026-04-03 13:42:21.669548,106
9017,23,Cup Labor,1,Per Cup,0.06,2026-04-03 13:42:21.669548,108
9018,23,Ice,1,per lb,0.19,2026-04-03 13:42:21.669548,109
9019,23,Water,2,per cup (8oz),0.03,2026-04-03 13:42:21.669548,110
9020,23,Lemon,1,Per Cup,0.28,2026-04-03 13:42:21.669548,112
9021,23,Simple Syrup,2,Per Oz,0.03,2026-04-03 13:42:21.669548,114
9022,23,Strawberry,0.25,Per Oz,0.29,2026-04-03 13:42:21.669548,125
9023,23,Peach,0.5,Per Oz,0.29,2026-04-03 13:42:21.669548,122
9024,23,Coconut,0.25,Per Oz,0.29,2026-04-03 13:42:21.669548,119
8812,3,Lime,1,Per Cup,0.22,2026-04-03 13:42:21.669548,113
8813,3,Simple Syrup,3,Per Oz,0.03,2026-04-03 13:42:21.669548,114
9301,49,Straw,1,Per Cup,0.01,2026-04-03 13:42:21.669548,103
9302,49,Cup & Lid,1,Per Cup,0.21,2026-04-03 13:42:21.669548,104
9303,49,Sticker (Logo),1,Per Cup,0.05,2026-04-03 13:42:21.669548,105
9304,49,Sticker Printer,1,Per Cup,0.01,2026-04-03 13:42:21.669548,106
9305,49,Cup Labor,1,Per Cup,0.06,2026-04-03 13:42:21.669548,108
9306,49,Ice,1,per lb,0.19,2026-04-03 13:42:21.669548,109
9307,49,Water,2,per cup (8oz),0.03,2026-04-03 13:42:21.669548,110
9308,49,Lemon,1,Per Cup,0.28,2026-04-03 13:42:21.669548,112
9309,49,Simple Syrup,2,Per Oz,0.03,2026-04-03 13:42:21.669548,114
9310,49,Strawberry,0.5,Per Oz,0.29,2026-04-03 13:42:21.669548,125
9311,49,French Vanilla,0.5,Per Oz,0.29,2026-04-03 13:42:21.669548,127
10251,275,Straw,1,Per Cup,0,2026-05-08 09:05:36.815791,103
10252,275,Cup & Lid,1,Per Cup,0,2026-05-08 09:05:36.815791,104
10253,275,Sticker (Logo),1,Per Cup,0,2026-05-08 09:05:36.815791,105
10254,275,Sticker Printer,1,Per Cup,0,2026-05-08 09:05:36.815791,106
10255,275,Cup Labor,1,Per Cup,0,2026-05-08 09:05:36.815791,108
10256,275,Ice,1,per lb,0,2026-05-08 09:05:36.815791,109
10257,275,Water,2,per cup (8oz),0,2026-05-08 09:05:36.815791,110
10258,275,Lime,2,Per Cup,0,2026-05-08 09:05:36.815791,113
10259,275,Simple Syrup,2,Per Oz,0,2026-05-08 09:05:36.815791,114
10260,275,Sweetened Condensed Milk,2,Per Oz,0,2026-05-08 09:05:36.815791,116
8788,1,Cup & Lid,1,Per Cup,0.21,2026-04-03 13:42:21.669548,104
8789,1,Sticker (Logo),1,Per Cup,0.05,2026-04-03 13:42:21.669548,105
9157,36,Straw,1,Per Cup,0.01,2026-04-03 13:42:21.669548,
8790,1,Sticker Printer,1,Per Cup,0.01,2026-04-03 13:42:21.669548,106
8791,1,Cup Labor,1,Per Cup,0.06,2026-04-03 13:42:21.669548,108
8792,1,Ice,1,per lb,0.19,2026-04-03 13:42:21.669548,109
8793,1,Water,2,per cup (8oz),0.03,2026-04-03 13:42:21.669548,110
8794,1,Lemon,1,Per Cup,0.28,2026-04-03 13:42:21.669548,112
8795,1,Simple Syrup,3,Per Oz,0.03,2026-04-03 13:42:21.669548,114
8796,2,Straw,1,Per Cup,0.01,2026-04-03 13:42:21.669548,
8797,2,Cup & Lid,1,Per Cup,0.21,2026-04-03 13:42:21.669548,
8798,2,Sticker (Logo),1,Per Cup,0.05,2026-04-03 13:42:21.669548,
8799,2,Sticker Printer,1,Per Cup,0.01,2026-04-03 13:42:21.669548,
1139,89,Straw,1,Per Cup,0.01,2026-03-09 17:12:15.711628,
1140,89,Cup & Lid,1,Per Cup,0.21,2026-03-09 17:12:15.712164,
1141,89,Sticker (Logo),1,Per Cup,0.05,2026-03-09 17:12:15.712735,
1142,89,Sticker Printer,1,Per Cup,0.01,2026-03-09 17:12:15.713555,
1143,89,Sticker Menu,1,Per Cup,0.05,2026-03-09 17:12:15.7141,
1144,89,Cup Labor,1,Per Cup,0.06,2026-03-09 17:12:15.714668,
1145,89,Ice,1,per lb,0.19,2026-03-09 17:12:15.715477,
1146,89,Water,2,per cup (8oz),0.03,2026-03-09 17:12:15.716033,
1147,89,Lime,1,Per Cup,0.22,2026-03-09 17:12:15.716512,
1148,89,Simple Syrup,2,Per Oz,0.03,2026-03-09 17:12:15.716999,
1149,89,Pineapple,0.75,Per Oz,0.29,2026-03-09 17:12:15.717502,
1150,89,Ingredient Name,1,Unit Type,0,2026-03-09 17:12:15.71801,
8800,2,Cup Labor,1,Per Cup,0.06,2026-04-03 13:42:21.669548,
8801,2,Ice,1,per lb,0.19,2026-04-03 13:42:21.669548,
8802,2,Water,2,per cup (8oz),0.03,2026-04-03 13:42:21.669548,
8803,2,Lemon,1,Per Cup,0.28,2026-04-03 13:42:21.669548,
8804,2,Sugar Free Simple Syrup,6,Per Oz,0.13,2026-04-03 13:42:21.669548,
8805,3,Straw,1,Per Cup,0.01,2026-04-03 13:42:21.669548,103
1471,114,Straw,1,Per Cup,0.01,2026-03-09 17:12:15.972445,
1472,114,Cup & Lid,1,Per Cup,0.21,2026-03-09 17:12:15.973169,
1473,114,Sticker (Logo),1,Per Cup,0.05,2026-03-09 17:12:15.973832,
1474,114,Sticker Printer,1,Per Cup,0.01,2026-03-09 17:12:15.975341,
1475,114,Sticker Menu,1,Per Cup,0.05,2026-03-09 17:12:15.976405,
1476,114,Cup Labor,1,Per Cup,0.06,2026-03-09 17:12:15.977348,
1477,114,Ice,1,per lb,0.19,2026-03-09 17:12:15.978029,
1478,114,Water,2,per cup (8oz),0.03,2026-03-09 17:12:15.978702,
1479,114,Lime,1,Per Cup,0.22,2026-03-09 17:12:15.979436,
1481,114,Watermelon,0.75,Per Oz,0.29,2026-03-09 17:12:15.981448,
1482,114,Ingredient Name,1,Unit Type,0,2026-03-09 17:12:15.98221,
8806,3,Cup & Lid,1,Per Cup,0.21,2026-04-03 13:42:21.669548,104
8807,3,Sticker (Logo),1,Per Cup,0.05,2026-04-03 13:42:21.669548,105
8808,3,Sticker Printer,1,Per Cup,0.01,2026-04-03 13:42:21.669548,106
8809,3,Cup Labor,1,Per Cup,0.06,2026-04-03 13:42:21.669548,108
8810,3,Ice,1,per lb,0.19,2026-04-03 13:42:21.669548,109
8811,3,Water,2,per cup (8oz),0.03,2026-04-03 13:42:21.669548,110
1480,114,Simple Syrup,2,Per Oz,0.03,2026-03-09 17:12:15.980751,
1730,134,Flavor Add On,1,,1,2026-03-09 16:48:11.003012,
8823,5,Straw,1,Per Cup,0.01,2026-04-03 13:42:21.669548,103
8824,5,Cup & Lid,1,Per Cup,0.21,2026-04-03 13:42:21.669548,104
8825,5,Sticker (Logo),1,Per Cup,0.05,2026-04-03 13:42:21.669548,105
8826,5,Sticker Printer,1,Per Cup,0.01,2026-04-03 13:42:21.669548,106
8827,5,Cup Labor,1,Per Cup,0.06,2026-04-03 13:42:21.669548,108
8828,5,Ice,1,per lb,0.19,2026-04-03 13:42:21.669548,109
8829,5,Water,2,per cup (8oz),0.03,2026-04-03 13:42:21.669548,110
8830,5,Lemon,1,Per Cup,0.28,2026-04-03 13:42:21.669548,112
8831,5,Lime,1,Per Cup,0.22,2026-04-03 13:42:21.669548,113
8832,5,Simple Syrup,3,Per Oz,0.03,2026-04-03 13:42:21.669548,114
1732,135,Straw,1,,0.01,2026-03-12 22:01:18.377222,
1733,135,Cup & Lid,1,,0.21,2026-03-12 22:02:05.577235,
1734,135,Sticker (logo),1,,0.05,2026-03-12 22:02:28.600079,
1735,135,Sticker Printer,1,,0.01,2026-03-12 22:02:50.302267,
1736,135,Sticker Menu,1,,0,2026-03-12 22:03:52.907753,
1737,135,Cup Labor,1,,0.06,2026-03-12 22:04:13.622438,
1738,135,Ice,1,Per lb,0.19,2026-03-12 22:04:41.519804,
1739,135,Water,2,,0.03,2026-03-12 22:07:46.215467,
8814,4,Straw,1,Per Cup,0.01,2026-04-03 13:42:21.669548,
8815,4,Cup & Lid,1,Per Cup,0.21,2026-04-03 13:42:21.669548,
8816,4,Sticker (Logo),1,Per Cup,0.05,2026-04-03 13:42:21.669548,
8817,4,Sticker Printer,1,Per Cup,0.01,2026-04-03 13:42:21.669548,
8818,4,Cup Labor,1,Per Cup,0.06,2026-04-03 13:42:21.669548,
8819,4,Ice,1,per lb,0.19,2026-04-03 13:42:21.669548,
8820,4,Water,2,per cup (8oz),0.03,2026-04-03 13:42:21.669548,
8821,4,Lime,1,Per Cup,0.22,2026-04-03 13:42:21.669548,
8822,4,Sugar Free Simple Syrup,6,Per Oz,0.13,2026-04-03 13:42:21.669548,
8833,6,Straw,1,Per Cup,0.01,2026-04-03 13:42:21.669548,
8834,6,Cup & Lid,1,Per Cup,0.21,2026-04-03 13:42:21.669548,
8835,6,Sticker (Logo),1,Per Cup,0.05,2026-04-03 13:42:21.669548,
8836,6,Sticker Printer,1,Per Cup,0.01,2026-04-03 13:42:21.669548,
8837,6,Cup Labor,1,Per Cup,0.06,2026-04-03 13:42:21.669548,
8838,6,Ice,1,per lb,0.19,2026-04-03 13:42:21.669548,
8839,6,Water,2,per cup (8oz),0.03,2026-04-03 13:42:21.669548,
8840,6,Lemon,1,Per Cup,0.28,2026-04-03 13:42:21.669548,
8841,6,Lime,1,Per Cup,0.22,2026-04-03 13:42:21.669548,
8842,6,Sugar Free Simple Syrup,6,Per Oz,0.13,2026-04-03 13:42:21.669548,
8843,7,Straw,1,Per Cup,0.01,2026-04-03 13:42:21.669548,
8844,7,Cup & Lid,1,Per Cup,0.21,2026-04-03 13:42:21.669548,
8845,7,Sticker (Logo),1,Per Cup,0.05,2026-04-03 13:42:21.669548,
8846,7,Sticker Printer,1,Per Cup,0.01,2026-04-03 13:42:21.669548,
8847,7,Cup Labor,1,Per Cup,0.06,2026-04-03 13:42:21.669548,
8848,7,Ice,1,per lb,0.19,2026-04-03 13:42:21.669548,
8849,7,Water,2,per cup (8oz),0.03,2026-04-03 13:42:21.669548,
8850,7,Lime,2,Per Cup,0.22,2026-04-03 13:42:21.669548,
8851,7,Simple Syrup,2,Per Oz,0.03,2026-04-03 13:42:21.669548,
8852,7,Sweetened Condensed Milk,2,Per Oz,0.14,2026-04-03 13:42:21.669548,
8863,9,Straw,1,Per Cup,0.01,2026-04-03 13:42:21.669548,
8864,9,Cup & Lid,1,Per Cup,0.21,2026-04-03 13:42:21.669548,
8865,9,Sticker (Logo),1,Per Cup,0.05,2026-04-03 13:42:21.669548,
8866,9,Sticker Printer,1,Per Cup,0.01,2026-04-03 13:42:21.669548,
8867,9,Cup Labor,1,Per Cup,0.06,2026-04-03 13:42:21.669548,
8868,9,Ice,1,per lb,0.19,2026-04-03 13:42:21.669548,
8869,9,Water,2,per cup (8oz),0.03,2026-04-03 13:42:21.669548,
8870,9,Tea Concentrate,2,Per Cup,0.06,2026-04-03 13:42:21.669548,
8871,9,Lemon,1,Per Cup,0.28,2026-04-03 13:42:21.669548,
8872,9,Sugar Free Simple Syrup,6,Per Oz,0.13,2026-04-03 13:42:21.669548,
3869,270,Straw,1,Per Cup,0.01,2026-04-02 22:25:37.258653,
3870,270,Straw,1,Per Cup,0.01,2026-04-02 22:25:37.258653,
3871,270,Ingredient Name,1,Unit Type,0,2026-04-02 22:25:37.258653,
8884,11,Straw,1,Per Cup,0.01,2026-04-03 13:42:21.669548,
8885,11,Cup & Lid,1,Per Cup,0.21,2026-04-03 13:42:21.669548,
8886,11,Sticker (Logo),1,Per Cup,0.05,2026-04-03 13:42:21.669548,
8887,11,Sticker Printer,1,Per Cup,0.01,2026-04-03 13:42:21.669548,
8888,11,Cup Labor,1,Per Cup,0.06,2026-04-03 13:42:21.669548,
8889,11,Ice,1,per lb,0.19,2026-04-03 13:42:21.669548,
8890,11,Water,2,per cup (8oz),0.03,2026-04-03 13:42:21.669548,
8891,11,Lime,1,Per Cup,0.22,2026-04-03 13:42:21.669548,
8892,11,Simple Syrup,2,Per Oz,0.03,2026-04-03 13:42:21.669548,
8893,11,Sweetened Condensed Milk,1,Per Oz,0.14,2026-04-03 13:42:21.669548,
8894,11,French Vanilla,0.25,Per OZ,0.29,2026-04-03 13:42:21.669548,
8895,12,Straw,1,Per Cup,0.01,2026-04-03 13:42:21.669548,
8896,12,Cup & Lid,1,Per Cup,0.21,2026-04-03 13:42:21.669548,
8897,12,Sticker (Logo),1,Per Cup,0.05,2026-04-03 13:42:21.669548,
8898,12,Sticker Printer,1,Per Cup,0.01,2026-04-03 13:42:21.669548,
8899,12,Cup Labor,1,Per Cup,0.06,2026-04-03 13:42:21.669548,
8900,12,Ice,1,per lb,0.19,2026-04-03 13:42:21.669548,
8901,12,Water,2,per cup (8oz),0.03,2026-04-03 13:42:21.669548,
8902,12,Lemon,1,Per Cup,0.28,2026-04-03 13:42:21.669548,
8903,12,Simple Syrup,2,Per Oz,0.03,2026-04-03 13:42:21.669548,
8904,12,Sweetened Condensed Milk,1,Per Oz,0.14,2026-04-03 13:42:21.669548,
8905,12,French Vanilla,0.25,Per OZ,0.29,2026-04-03 13:42:21.669548,
8906,13,Straw,1,Per Cup,0.01,2026-04-03 13:42:21.669548,
8907,13,Cup & Lid,1,Per Cup,0.21,2026-04-03 13:42:21.669548,
8908,13,Sticker (Logo),1,Per Cup,0.05,2026-04-03 13:42:21.669548,
8909,13,Sticker Printer,1,Per Cup,0.01,2026-04-03 13:42:21.669548,
8910,13,Cup Labor,1,Per Cup,0.06,2026-04-03 13:42:21.669548,
8911,13,Ice,1,per lb,0.19,2026-04-03 13:42:21.669548,
8912,13,Water,2,per cup (8oz),0.03,2026-04-03 13:42:21.669548,
8913,13,Lemon,1,Per Cup,0.28,2026-04-03 13:42:21.669548,
8914,13,Lime,1,Per Cup,0.22,2026-04-03 13:42:21.669548,
8915,13,Simple Syrup,2,Per Oz,0.03,2026-04-03 13:42:21.669548,
8916,13,Sweetened Condensed Milk,1,Per Oz,0.14,2026-04-03 13:42:21.669548,
8917,13,French Vanilla,0.25,Per OZ,0.29,2026-04-03 13:42:21.669548,
8918,14,Straw,1,Per Cup,0.01,2026-04-03 13:42:21.669548,
8919,14,Cup & Lid,1,Per Cup,0.21,2026-04-03 13:42:21.669548,
8920,14,Sticker (Logo),1,Per Cup,0.05,2026-04-03 13:42:21.669548,
8921,14,Sticker Printer,1,Per Cup,0.01,2026-04-03 13:42:21.669548,
8922,14,Cup Labor,1,Per Cup,0.06,2026-04-03 13:42:21.669548,
8923,14,Ice,1,per lb,0.19,2026-04-03 13:42:21.669548,
8924,14,Water,2,per cup (8oz),0.03,2026-04-03 13:42:21.669548,
8925,14,Lemon,1,Per Cup,0.28,2026-04-03 13:42:21.669548,
8926,14,Simple Syrup,2,Per Oz,0.03,2026-04-03 13:42:21.669548,
8927,14,Blue Raspberry,0.75,Per Oz,0.29,2026-04-03 13:42:21.669548,
8928,15,Straw,1,Per Cup,0.01,2026-04-03 13:42:21.669548,
8929,15,Cup & Lid,1,Per Cup,0.21,2026-04-03 13:42:21.669548,
8930,15,Sticker (Logo),1,Per Cup,0.05,2026-04-03 13:42:21.669548,
7323,136,Straw,1,Per Cup,0.01,2026-04-02 23:11:11.337398,
7324,136,Cup & Lid,1,Per Cup,0.21,2026-04-02 23:11:11.337398,
7325,136,Sticker (Logo),1,Per Cup,0.05,2026-04-02 23:11:11.337398,
8931,15,Sticker Printer,1,Per Cup,0.01,2026-04-03 13:42:21.669548,
8932,15,Cup Labor,1,Per Cup,0.06,2026-04-03 13:42:21.669548,
8933,15,Ice,1,per lb,0.19,2026-04-03 13:42:21.669548,
8934,15,Water,2,per cup (8oz),0.03,2026-04-03 13:42:21.669548,
8935,15,Lemon,1,Per Cup,0.28,2026-04-03 13:42:21.669548,
8936,15,Sugar Free Simple Syrup,4,Per Oz,0.13,2026-04-03 13:42:21.669548,
8937,15,Sugar Free Coconut,1,Per Oz,0.29,2026-04-03 13:42:21.669548,
8938,16,Straw,1,Per Cup,0.01,2026-04-03 13:42:21.669548,
8939,16,Cup & Lid,1,Per Cup,0.21,2026-04-03 13:42:21.669548,
8940,16,Sticker (Logo),1,Per Cup,0.05,2026-04-03 13:42:21.669548,
8941,16,Sticker Printer,1,Per Cup,0.01,2026-04-03 13:42:21.669548,
8942,16,Cup Labor,1,Per Cup,0.06,2026-04-03 13:42:21.669548,
8943,16,Ice,1,per lb,0.19,2026-04-03 13:42:21.669548,
8944,16,Water,2,per cup (8oz),0.03,2026-04-03 13:42:21.669548,
8945,16,Lime,1,Per Cup,0.22,2026-04-03 13:42:21.669548,
8946,16,Simple Syrup,2,Per Oz,0.03,2026-04-03 13:42:21.669548,
8947,16,Blue Raspberry,0.75,Per Oz,0.29,2026-04-03 13:42:21.669548,
8948,17,Straw,1,Per Cup,0.01,2026-04-03 13:42:21.669548,
8949,17,Cup & Lid,1,Per Cup,0.21,2026-04-03 13:42:21.669548,
8950,17,Sticker (Logo),1,Per Cup,0.05,2026-04-03 13:42:21.669548,
8951,17,Sticker Printer,1,Per Cup,0.01,2026-04-03 13:42:21.669548,
8952,17,Cup Labor,1,Per Cup,0.06,2026-04-03 13:42:21.669548,
8953,17,Ice,1,per lb,0.19,2026-04-03 13:42:21.669548,
8954,17,Water,2,per cup (8oz),0.03,2026-04-03 13:42:21.669548,
8955,17,Lime,1,Per Cup,0.22,2026-04-03 13:42:21.669548,
8956,17,Sugar Fee Simple Syrup,4,Per Oz,0.13,2026-04-03 13:42:21.669548,
8957,17,Sugar Free Coconut,1,Per Oz,0.29,2026-04-03 13:42:21.669548,
8958,18,Straw,1,Per Cup,0.01,2026-04-03 13:42:21.669548,
8959,18,Cup & Lid,1,Per Cup,0.21,2026-04-03 13:42:21.669548,
8960,18,Sticker (Logo),1,Per Cup,0.05,2026-04-03 13:42:21.669548,
8961,18,Sticker Printer,1,Per Cup,0.01,2026-04-03 13:42:21.669548,
8962,18,Cup Labor,1,Per Cup,0.06,2026-04-03 13:42:21.669548,
8963,18,Ice,1,per lb,0.19,2026-04-03 13:42:21.669548,
8964,18,Water,2,per cup (8oz),0.03,2026-04-03 13:42:21.669548,
8965,18,Lemon,1,Per Cup,0.28,2026-04-03 13:42:21.669548,
8966,18,Lime,1,Per Cup,0.22,2026-04-03 13:42:21.669548,
8967,18,Simple Syrup,2,Per Oz,0.03,2026-04-03 13:42:21.669548,
8968,18,Blue Raspberry,0.75,Per Oz,0.29,2026-04-03 13:42:21.669548,
8969,19,Straw,1,Per Cup,0.01,2026-04-03 13:42:21.669548,
8970,19,Cup & Lid,1,Per Cup,0.21,2026-04-03 13:42:21.669548,
8971,19,Sticker (Logo),1,Per Cup,0.05,2026-04-03 13:42:21.669548,
8972,19,Sticker Printer,1,Per Cup,0.01,2026-04-03 13:42:21.669548,
8973,19,Cup Labor,1,Per Cup,0.06,2026-04-03 13:42:21.669548,
8974,19,Ice,1,per lb,0.19,2026-04-03 13:42:21.669548,
8975,19,Water,2,per cup (8oz),0.03,2026-04-03 13:42:21.669548,
8976,19,Lemon,1,Per Cup,0.28,2026-04-03 13:42:21.669548,
8977,19,Lime,1,Per Cup,0.22,2026-04-03 13:42:21.669548,
8978,19,Sugar Free Simple Syrup,4,Per Oz,0.13,2026-04-03 13:42:21.669548,
8979,19,Sugar Free Coconut,1,Per Oz,0.29,2026-04-03 13:42:21.669548,
8980,20,Straw,1,Per Cup,0.01,2026-04-03 13:42:21.669548,
8981,20,Cup & Lid,1,Per Cup,0.21,2026-04-03 13:42:21.669548,
8982,20,Sticker (Logo),1,Per Cup,0.05,2026-04-03 13:42:21.669548,
8983,20,Sticker Printer,1,Per Cup,0.01,2026-04-03 13:42:21.669548,
8984,20,Cup Labor,1,Per Cup,0.06,2026-04-03 13:42:21.669548,
8985,20,Ice,1,per lb,0.19,2026-04-03 13:42:21.669548,
8986,20,Water,2,per cup (8oz),0.03,2026-04-03 13:42:21.669548,
8987,20,Lime,2,Per Cup,0.22,2026-04-03 13:42:21.669548,
8988,20,Simple Syrup,2,Per Oz,0.03,2026-04-03 13:42:21.669548,
8989,20,Sweetened Condensed Milk,2,Per Oz,0.14,2026-04-03 13:42:21.669548,
8990,20,Blue Raspberry,0.25,Per oz,0.29,2026-04-03 13:42:21.669548,
8991,21,Straw,1,Per Cup,0.01,2026-04-03 13:42:21.669548,
8992,21,Cup & Lid,1,Per Cup,0.21,2026-04-03 13:42:21.669548,
8993,21,Sticker (Logo),1,Per Cup,0.05,2026-04-03 13:42:21.669548,
8994,21,Sticker Printer,1,Per Cup,0.01,2026-04-03 13:42:21.669548,
8995,21,Cup Labor,1,Per Cup,0.06,2026-04-03 13:42:21.669548,
8996,21,Ice,1,per lb,0.19,2026-04-03 13:42:21.669548,
8997,21,Water,2,per cup (8oz),0.03,2026-04-03 13:42:21.669548,
8998,21,Tea Concentrate,2,Per Cup,0.06,2026-04-03 13:42:21.669548,
8999,21,Lemon,1,Per Cup,0.28,2026-04-03 13:42:21.669548,
9000,21,Simple Syrup,2,Per Oz,0.03,2026-04-03 13:42:21.669548,
9001,21,Blue Raspberry,0.75,Per Oz,0.29,2026-04-03 13:42:21.669548,
9002,22,Straw,1,Per Cup,0.01,2026-04-03 13:42:21.669548,
9003,22,Cup & Lid,1,Per Cup,0.21,2026-04-03 13:42:21.669548,
7326,136,Sticker Printer,1,Per Cup,0.01,2026-04-02 23:11:11.337398,
7327,136,Cup Labor,1,Per Cup,0.06,2026-04-02 23:11:11.337398,
7328,136,Ice,1,per lb,0.19,2026-04-02 23:11:11.337398,
7329,136,Water,2,per cup (8oz),0.03,2026-04-02 23:11:11.337398,
7330,136,Lemon,1,Per Cup,0.28,2026-04-02 23:11:11.337398,
7331,136,Simple Syrup,3,Per Oz,0.03,2026-04-02 23:11:11.337398,
7332,137,Straw,1,Per Cup,0.01,2026-04-02 23:11:11.337398,
7333,137,Cup & Lid,1,Per Cup,0.21,2026-04-02 23:11:11.337398,
7334,137,Sticker (Logo),1,Per Cup,0.05,2026-04-02 23:11:11.337398,
7335,137,Sticker Printer,1,Per Cup,0.01,2026-04-02 23:11:11.337398,
7336,137,Cup Labor,1,Per Cup,0.06,2026-04-02 23:11:11.337398,
7337,137,Ice,1,per lb,0.19,2026-04-02 23:11:11.337398,
7338,137,Water,2,per cup (8oz),0.03,2026-04-02 23:11:11.337398,
7339,137,Lemon,1,Per Cup,0.28,2026-04-02 23:11:11.337398,
7340,137,Sugar Free Simple Syrup,6,Per Oz,0.13,2026-04-02 23:11:11.337398,
7341,138,Straw,1,Per Cup,0.01,2026-04-02 23:11:11.337398,
7342,138,Cup & Lid,1,Per Cup,0.21,2026-04-02 23:11:11.337398,
7343,138,Sticker (Logo),1,Per Cup,0.05,2026-04-02 23:11:11.337398,
7344,138,Sticker Printer,1,Per Cup,0.01,2026-04-02 23:11:11.337398,
7345,138,Cup Labor,1,Per Cup,0.06,2026-04-02 23:11:11.337398,
7346,138,Ice,1,per lb,0.19,2026-04-02 23:11:11.337398,
7347,138,Water,2,per cup (8oz),0.03,2026-04-02 23:11:11.337398,
7348,138,Lime,1,Per Cup,0.22,2026-04-02 23:11:11.337398,
7349,138,Simple Syrup,3,Per Oz,0.03,2026-04-02 23:11:11.337398,
7350,139,Straw,1,Per Cup,0.01,2026-04-02 23:11:11.337398,
7351,139,Cup & Lid,1,Per Cup,0.21,2026-04-02 23:11:11.337398,
7352,139,Sticker (Logo),1,Per Cup,0.05,2026-04-02 23:11:11.337398,
7353,139,Sticker Printer,1,Per Cup,0.01,2026-04-02 23:11:11.337398,
7354,139,Cup Labor,1,Per Cup,0.06,2026-04-02 23:11:11.337398,
7355,139,Ice,1,per lb,0.19,2026-04-02 23:11:11.337398,
7356,139,Water,2,per cup (8oz),0.03,2026-04-02 23:11:11.337398,
7357,139,Lime,1,Per Cup,0.22,2026-04-02 23:11:11.337398,
7358,139,Sugar Free Simple Syrup,6,Per Oz,0.13,2026-04-02 23:11:11.337398,
7359,140,Straw,1,Per Cup,0.01,2026-04-02 23:11:11.337398,
7360,140,Cup & Lid,1,Per Cup,0.21,2026-04-02 23:11:11.337398,
7361,140,Sticker (Logo),1,Per Cup,0.05,2026-04-02 23:11:11.337398,
7362,140,Sticker Printer,1,Per Cup,0.01,2026-04-02 23:11:11.337398,
7363,140,Cup Labor,1,Per Cup,0.06,2026-04-02 23:11:11.337398,
7364,140,Ice,1,per lb,0.19,2026-04-02 23:11:11.337398,
7365,140,Water,2,per cup (8oz),0.03,2026-04-02 23:11:11.337398,
7366,140,Lemon,1,Per Cup,0.28,2026-04-02 23:11:11.337398,
7367,140,Lime,1,Per Cup,0.22,2026-04-02 23:11:11.337398,
7368,140,Simple Syrup,3,Per Oz,0.03,2026-04-02 23:11:11.337398,
7369,141,Straw,1,Per Cup,0.01,2026-04-02 23:11:11.337398,
7370,141,Cup & Lid,1,Per Cup,0.21,2026-04-02 23:11:11.337398,
7371,141,Sticker (Logo),1,Per Cup,0.05,2026-04-02 23:11:11.337398,
7372,141,Sticker Printer,1,Per Cup,0.01,2026-04-02 23:11:11.337398,
7373,141,Cup Labor,1,Per Cup,0.06,2026-04-02 23:11:11.337398,
7374,141,Ice,1,per lb,0.19,2026-04-02 23:11:11.337398,
7375,141,Water,2,per cup (8oz),0.03,2026-04-02 23:11:11.337398,
7376,141,Lemon,1,Per Cup,0.28,2026-04-02 23:11:11.337398,
7377,141,Lime,1,Per Cup,0.22,2026-04-02 23:11:11.337398,
7378,141,Sugar Free Simple Syrup,6,Per Oz,0.13,2026-04-02 23:11:11.337398,
7379,142,Straw,1,Per Cup,0.01,2026-04-02 23:11:11.337398,
7380,142,Cup & Lid,1,Per Cup,0.21,2026-04-02 23:11:11.337398,
7381,142,Sticker (Logo),1,Per Cup,0.05,2026-04-02 23:11:11.337398,
7382,142,Sticker Printer,1,Per Cup,0.01,2026-04-02 23:11:11.337398,
7383,142,Cup Labor,1,Per Cup,0.06,2026-04-02 23:11:11.337398,
7384,142,Ice,1,per lb,0.19,2026-04-02 23:11:11.337398,
7385,142,Water,2,per cup (8oz),0.03,2026-04-02 23:11:11.337398,
7386,142,Lime,2,Per Cup,0.22,2026-04-02 23:11:11.337398,
7387,142,Simple Syrup,2,Per Oz,0.03,2026-04-02 23:11:11.337398,
7388,142,Sweetened Condensed Milk,2,Per Oz,0.14,2026-04-02 23:11:11.337398,
7389,143,Straw,1,Per Cup,0.01,2026-04-02 23:11:11.337398,
7390,143,Cup & Lid,1,Per Cup,0.21,2026-04-02 23:11:11.337398,
7391,143,Sticker (Logo),1,Per Cup,0.05,2026-04-02 23:11:11.337398,
7392,143,Sticker Printer,1,Per Cup,0.01,2026-04-02 23:11:11.337398,
7393,143,Cup Labor,1,Per Cup,0.06,2026-04-02 23:11:11.337398,
7394,143,Ice,1,per lb,0.19,2026-04-02 23:11:11.337398,
7395,143,Water,2,per cup (8oz),0.03,2026-04-02 23:11:11.337398,
7396,143,Tea Concentrate,2,Per Cup,0.06,2026-04-02 23:11:11.337398,
7397,143,Lemon,1,Per Cup,0.28,2026-04-02 23:11:11.337398,
7398,143,Simple Syrup,3,Per Oz,0.03,2026-04-02 23:11:11.337398,
7399,144,Straw,1,Per Cup,0.01,2026-04-02 23:11:11.337398,
7400,144,Cup & Lid,1,Per Cup,0.21,2026-04-02 23:11:11.337398,
7401,144,Sticker (Logo),1,Per Cup,0.05,2026-04-02 23:11:11.337398,
7402,144,Sticker Printer,1,Per Cup,0.01,2026-04-02 23:11:11.337398,
7403,144,Cup Labor,1,Per Cup,0.06,2026-04-02 23:11:11.337398,
7404,144,Ice,1,per lb,0.19,2026-04-02 23:11:11.337398,
7405,144,Water,2,per cup (8oz),0.03,2026-04-02 23:11:11.337398,
7406,144,Tea Concentrate,2,Per Cup,0.06,2026-04-02 23:11:11.337398,
7407,144,Lemon,1,Per Cup,0.28,2026-04-02 23:11:11.337398,
7408,144,Sugar Free Simple Syrup,6,Per Oz,0.13,2026-04-02 23:11:11.337398,
7409,145,Straw,1,Per Cup,0.01,2026-04-02 23:11:11.337398,
7410,145,Cup & Lid,1,Per Cup,0.21,2026-04-02 23:11:11.337398,
7411,145,Sticker (Logo),1,Per Cup,0.05,2026-04-02 23:11:11.337398,
7412,145,Sticker Printer,1,Per Cup,0.01,2026-04-02 23:11:11.337398,
7413,145,Cup Labor,1,Per Cup,0.06,2026-04-02 23:11:11.337398,
7414,145,Ice,1,per lb,0.19,2026-04-02 23:11:11.337398,
7415,145,Water,2,per cup (8oz),0.03,2026-04-02 23:11:11.337398,
7416,145,Lime,1,Per Cup,0.22,2026-04-02 23:11:11.337398,
7417,145,Simple Syrup,2,Per Oz,0.03,2026-04-02 23:11:11.337398,
7418,145,Coconut,0.25,Per Oz,0.29,2026-04-02 23:11:11.337398,
7419,145,Blue Raspberry,0.75,Per Oz,0.29,2026-04-02 23:11:11.337398,
7420,146,Straw,1,Per Cup,0.01,2026-04-02 23:11:11.337398,
7421,146,Cup & Lid,1,Per Cup,0.21,2026-04-02 23:11:11.337398,
7422,146,Sticker (Logo),1,Per Cup,0.05,2026-04-02 23:11:11.337398,
7423,146,Sticker Printer,1,Per Cup,0.01,2026-04-02 23:11:11.337398,
7424,146,Cup Labor,1,Per Cup,0.06,2026-04-02 23:11:11.337398,
7425,146,Ice,1,per lb,0.19,2026-04-02 23:11:11.337398,
7426,146,Water,2,per cup (8oz),0.03,2026-04-02 23:11:11.337398,
7427,146,Lime,1,Per Cup,0.22,2026-04-02 23:11:11.337398,
7428,146,Simple Syrup,2,Per Oz,0.03,2026-04-02 23:11:11.337398,
7429,146,Sweetened Condensed Milk,1,Per Oz,0.14,2026-04-02 23:11:11.337398,
7430,146,French Vanilla,0.25,Per OZ,0.29,2026-04-02 23:11:11.337398,
7431,147,Straw,1,Per Cup,0.01,2026-04-02 23:11:11.337398,
7432,147,Cup & Lid,1,Per Cup,0.21,2026-04-02 23:11:11.337398,
7433,147,Sticker (Logo),1,Per Cup,0.05,2026-04-02 23:11:11.337398,
7434,147,Sticker Printer,1,Per Cup,0.01,2026-04-02 23:11:11.337398,
7435,147,Cup Labor,1,Per Cup,0.06,2026-04-02 23:11:11.337398,
7436,147,Ice,1,per lb,0.19,2026-04-02 23:11:11.337398,
7437,147,Water,2,per cup (8oz),0.03,2026-04-02 23:11:11.337398,
7438,147,Lemon,1,Per Cup,0.28,2026-04-02 23:11:11.337398,
7439,147,Simple Syrup,2,Per Oz,0.03,2026-04-02 23:11:11.337398,
7440,147,Sweetened Condensed Milk,1,Per Oz,0.14,2026-04-02 23:11:11.337398,
7441,147,French Vanilla,0.25,Per OZ,0.29,2026-04-02 23:11:11.337398,
7442,148,Straw,1,Per Cup,0.01,2026-04-02 23:11:11.337398,
7443,148,Cup & Lid,1,Per Cup,0.21,2026-04-02 23:11:11.337398,
7444,148,Sticker (Logo),1,Per Cup,0.05,2026-04-02 23:11:11.337398,
7445,148,Sticker Printer,1,Per Cup,0.01,2026-04-02 23:11:11.337398,
7446,148,Cup Labor,1,Per Cup,0.06,2026-04-02 23:11:11.337398,
7447,148,Ice,1,per lb,0.19,2026-04-02 23:11:11.337398,
7448,148,Water,2,per cup (8oz),0.03,2026-04-02 23:11:11.337398,
7449,148,Lemon,1,Per Cup,0.28,2026-04-02 23:11:11.337398,
7450,148,Lime,1,Per Cup,0.22,2026-04-02 23:11:11.337398,
7451,148,Simple Syrup,2,Per Oz,0.03,2026-04-02 23:11:11.337398,
7452,148,Sweetened Condensed Milk,1,Per Oz,0.14,2026-04-02 23:11:11.337398,
7453,148,French Vanilla,0.25,Per OZ,0.29,2026-04-02 23:11:11.337398,
7454,149,Straw,1,Per Cup,0.01,2026-04-02 23:11:11.337398,
7455,149,Cup & Lid,1,Per Cup,0.21,2026-04-02 23:11:11.337398,
7456,149,Sticker (Logo),1,Per Cup,0.05,2026-04-02 23:11:11.337398,
7457,149,Sticker Printer,1,Per Cup,0.01,2026-04-02 23:11:11.337398,
7458,149,Cup Labor,1,Per Cup,0.06,2026-04-02 23:11:11.337398,
7459,149,Ice,1,per lb,0.19,2026-04-02 23:11:11.337398,
7460,149,Water,2,per cup (8oz),0.03,2026-04-02 23:11:11.337398,
7461,149,Lemon,1,Per Cup,0.28,2026-04-02 23:11:11.337398,
7462,149,Simple Syrup,2,Per Oz,0.03,2026-04-02 23:11:11.337398,
7463,149,Blue Raspberry,0.75,Per Oz,0.29,2026-04-02 23:11:11.337398,
7464,150,Straw,1,Per Cup,0.01,2026-04-02 23:11:11.337398,
7465,150,Cup & Lid,1,Per Cup,0.21,2026-04-02 23:11:11.337398,
7466,150,Sticker (Logo),1,Per Cup,0.05,2026-04-02 23:11:11.337398,
7467,150,Sticker Printer,1,Per Cup,0.01,2026-04-02 23:11:11.337398,
7468,150,Cup Labor,1,Per Cup,0.06,2026-04-02 23:11:11.337398,
7469,150,Ice,1,per lb,0.19,2026-04-02 23:11:11.337398,
7470,150,Water,2,per cup (8oz),0.03,2026-04-02 23:11:11.337398,
7471,150,Lemon,1,Per Cup,0.28,2026-04-02 23:11:11.337398,
7472,150,Sugar Free Simple Syrup,4,Per Oz,0.13,2026-04-02 23:11:11.337398,
7473,150,Sugar Free Coconut,1,Per Oz,0.29,2026-04-02 23:11:11.337398,
7474,151,Straw,1,Per Cup,0.01,2026-04-02 23:11:11.337398,
7475,151,Cup & Lid,1,Per Cup,0.21,2026-04-02 23:11:11.337398,
7476,151,Sticker (Logo),1,Per Cup,0.05,2026-04-02 23:11:11.337398,
7477,151,Sticker Printer,1,Per Cup,0.01,2026-04-02 23:11:11.337398,
7478,151,Cup Labor,1,Per Cup,0.06,2026-04-02 23:11:11.337398,
7479,151,Ice,1,per lb,0.19,2026-04-02 23:11:11.337398,
7480,151,Water,2,per cup (8oz),0.03,2026-04-02 23:11:11.337398,
7481,151,Lime,1,Per Cup,0.22,2026-04-02 23:11:11.337398,
7482,151,Simple Syrup,2,Per Oz,0.03,2026-04-02 23:11:11.337398,
7483,151,Blue Raspberry,0.75,Per Oz,0.29,2026-04-02 23:11:11.337398,
7484,152,Straw,1,Per Cup,0.01,2026-04-02 23:11:11.337398,
7485,152,Cup & Lid,1,Per Cup,0.21,2026-04-02 23:11:11.337398,
7486,152,Sticker (Logo),1,Per Cup,0.05,2026-04-02 23:11:11.337398,
7487,152,Sticker Printer,1,Per Cup,0.01,2026-04-02 23:11:11.337398,
7488,152,Cup Labor,1,Per Cup,0.06,2026-04-02 23:11:11.337398,
7489,152,Ice,1,per lb,0.19,2026-04-02 23:11:11.337398,
7490,152,Water,2,per cup (8oz),0.03,2026-04-02 23:11:11.337398,
7491,152,Lime,1,Per Cup,0.22,2026-04-02 23:11:11.337398,
7492,152,Sugar Fee Simple Syrup,4,Per Oz,0.13,2026-04-02 23:11:11.337398,
7493,152,Sugar Free Coconut,1,Per Oz,0.29,2026-04-02 23:11:11.337398,
7494,153,Straw,1,Per Cup,0.01,2026-04-02 23:11:11.337398,
7495,153,Cup & Lid,1,Per Cup,0.21,2026-04-02 23:11:11.337398,
7496,153,Sticker (Logo),1,Per Cup,0.05,2026-04-02 23:11:11.337398,
7497,153,Sticker Printer,1,Per Cup,0.01,2026-04-02 23:11:11.337398,
7498,153,Cup Labor,1,Per Cup,0.06,2026-04-02 23:11:11.337398,
7499,153,Ice,1,per lb,0.19,2026-04-02 23:11:11.337398,
7500,153,Water,2,per cup (8oz),0.03,2026-04-02 23:11:11.337398,
7501,153,Lemon,1,Per Cup,0.28,2026-04-02 23:11:11.337398,
7502,153,Lime,1,Per Cup,0.22,2026-04-02 23:11:11.337398,
7503,153,Simple Syrup,2,Per Oz,0.03,2026-04-02 23:11:11.337398,
7504,153,Blue Raspberry,0.75,Per Oz,0.29,2026-04-02 23:11:11.337398,
7505,154,Straw,1,Per Cup,0.01,2026-04-02 23:11:11.337398,
7506,154,Cup & Lid,1,Per Cup,0.21,2026-04-02 23:11:11.337398,
7507,154,Sticker (Logo),1,Per Cup,0.05,2026-04-02 23:11:11.337398,
7508,154,Sticker Printer,1,Per Cup,0.01,2026-04-02 23:11:11.337398,
7509,154,Cup Labor,1,Per Cup,0.06,2026-04-02 23:11:11.337398,
7510,154,Ice,1,per lb,0.19,2026-04-02 23:11:11.337398,
7511,154,Water,2,per cup (8oz),0.03,2026-04-02 23:11:11.337398,
7512,154,Lemon,1,Per Cup,0.28,2026-04-02 23:11:11.337398,
7513,154,Lime,1,Per Cup,0.22,2026-04-02 23:11:11.337398,
7514,154,Sugar Free Simple Syrup,4,Per Oz,0.13,2026-04-02 23:11:11.337398,
7515,154,Sugar Free Coconut,1,Per Oz,0.29,2026-04-02 23:11:11.337398,
7516,155,Straw,1,Per Cup,0.01,2026-04-02 23:11:11.337398,
7517,155,Cup & Lid,1,Per Cup,0.21,2026-04-02 23:11:11.337398,
7518,155,Sticker (Logo),1,Per Cup,0.05,2026-04-02 23:11:11.337398,
7519,155,Sticker Printer,1,Per Cup,0.01,2026-04-02 23:11:11.337398,
7520,155,Cup Labor,1,Per Cup,0.06,2026-04-02 23:11:11.337398,
7521,155,Ice,1,per lb,0.19,2026-04-02 23:11:11.337398,
7522,155,Water,2,per cup (8oz),0.03,2026-04-02 23:11:11.337398,
7523,155,Lime,2,Per Cup,0.22,2026-04-02 23:11:11.337398,
7524,155,Simple Syrup,2,Per Oz,0.03,2026-04-02 23:11:11.337398,
7525,155,Sweetened Condensed Milk,2,Per Oz,0.14,2026-04-02 23:11:11.337398,
7526,155,Blue Raspberry,0.25,Per oz,0.29,2026-04-02 23:11:11.337398,
7527,156,Straw,1,Per Cup,0.01,2026-04-02 23:11:11.337398,
7528,156,Cup & Lid,1,Per Cup,0.21,2026-04-02 23:11:11.337398,
7529,156,Sticker (Logo),1,Per Cup,0.05,2026-04-02 23:11:11.337398,
7530,156,Sticker Printer,1,Per Cup,0.01,2026-04-02 23:11:11.337398,
7531,156,Cup Labor,1,Per Cup,0.06,2026-04-02 23:11:11.337398,
7532,156,Ice,1,per lb,0.19,2026-04-02 23:11:11.337398,
7533,156,Water,2,per cup (8oz),0.03,2026-04-02 23:11:11.337398,
7534,156,Tea Concentrate,2,Per Cup,0.06,2026-04-02 23:11:11.337398,
7535,156,Lemon,1,Per Cup,0.28,2026-04-02 23:11:11.337398,
7536,156,Simple Syrup,2,Per Oz,0.03,2026-04-02 23:11:11.337398,
7537,156,Blue Raspberry,0.75,Per Oz,0.29,2026-04-02 23:11:11.337398,
7538,157,Straw,1,Per Cup,0.01,2026-04-02 23:11:11.337398,
7539,157,Cup & Lid,1,Per Cup,0.21,2026-04-02 23:11:11.337398,
7540,157,Sticker (Logo),1,Per Cup,0.05,2026-04-02 23:11:11.337398,
7541,157,Sticker Printer,1,Per Cup,0.01,2026-04-02 23:11:11.337398,
7542,157,Cup Labor,1,Per Cup,0.06,2026-04-02 23:11:11.337398,
7543,157,Ice,1,per lb,0.19,2026-04-02 23:11:11.337398,
7544,157,Water,2,per cup (8oz),0.03,2026-04-02 23:11:11.337398,
7545,157,Tea Concentrate,2,Per Cup,0.06,2026-04-02 23:11:11.337398,
7546,157,Lemon,1,Per Cup,0.28,2026-04-02 23:11:11.337398,
7547,157,Sugar Free Simple Syrup,4,Per Oz,0.13,2026-04-02 23:11:11.337398,
7548,157,Sugar Free Coconut,1,Per Oz,0.29,2026-04-02 23:11:11.337398,
7549,158,Straw,1,Per Cup,0.01,2026-04-02 23:11:11.337398,
7550,158,Cup & Lid,1,Per Cup,0.21,2026-04-02 23:11:11.337398,
7551,158,Sticker (Logo),1,Per Cup,0.05,2026-04-02 23:11:11.337398,
7552,158,Sticker Printer,1,Per Cup,0.01,2026-04-02 23:11:11.337398,
7553,158,Cup Labor,1,Per Cup,0.06,2026-04-02 23:11:11.337398,
7554,158,Ice,1,per lb,0.19,2026-04-02 23:11:11.337398,
7555,158,Water,2,per cup (8oz),0.03,2026-04-02 23:11:11.337398,
7556,158,Lemon,1,Per Cup,0.28,2026-04-02 23:11:11.337398,
7557,158,Simple Syrup,2,Per Oz,0.03,2026-04-02 23:11:11.337398,
7558,158,Strawberry,0.25,Per Oz,0.29,2026-04-02 23:11:11.337398,
7559,158,Peach,0.5,Per Oz,0.29,2026-04-02 23:11:11.337398,
7560,158,Coconut,0.25,Per Oz,0.29,2026-04-02 23:11:11.337398,
7561,159,Straw,1,Per Cup,0.01,2026-04-02 23:11:11.337398,
7562,159,Cup & Lid,1,Per Cup,0.21,2026-04-02 23:11:11.337398,
7563,159,Sticker (Logo),1,Per Cup,0.05,2026-04-02 23:11:11.337398,
7564,159,Sticker Printer,1,Per Cup,0.01,2026-04-02 23:11:11.337398,
7565,159,Cup Labor,1,Per Cup,0.06,2026-04-02 23:11:11.337398,
7566,159,Ice,1,per lb,0.19,2026-04-02 23:11:11.337398,
7567,159,Water,2,per cup (8oz),0.03,2026-04-02 23:11:11.337398,
7568,159,Lime,1,Per Cup,0.22,2026-04-02 23:11:11.337398,
7569,159,Simple Syrup,2,Per Oz,0.03,2026-04-02 23:11:11.337398,
7570,159,Sweetened Condensed Milk,1,Per Oz,0.14,2026-04-02 23:11:11.337398,
7571,159,Blue Raspberry,0.5,Per Oz,0.29,2026-04-02 23:11:11.337398,
7572,159,French Vanilla,0.25,Per Oz,0.29,2026-04-02 23:11:11.337398,
7573,160,Straw,1,Per Cup,0.01,2026-04-02 23:11:11.337398,
7574,160,Cup & Lid,1,Per Cup,0.21,2026-04-02 23:11:11.337398,
7575,160,Sticker (Logo),1,Per Cup,0.05,2026-04-02 23:11:11.337398,
7576,160,Sticker Printer,1,Per Cup,0.01,2026-04-02 23:11:11.337398,
7577,160,Cup Labor,1,Per Cup,0.06,2026-04-02 23:11:11.337398,
7578,160,Ice,1,per lb,0.19,2026-04-02 23:11:11.337398,
7579,160,Water,2,per cup (8oz),0.03,2026-04-02 23:11:11.337398,
7580,160,Lemon,1,Per Cup,0.28,2026-04-02 23:11:11.337398,
7581,160,Simple Syrup,1.5,Per Oz,0.03,2026-04-02 23:11:11.337398,
7582,160,Sweetened Condensed Milk,1,Per Oz,0.14,2026-04-02 23:11:11.337398,
7583,160,Blue Raspberry,0.5,Per Oz,0.29,2026-04-02 23:11:11.337398,
7584,160,French Vanilla,0.25,Per Oz,0.29,2026-04-02 23:11:11.337398,
7585,161,Straw,1,Per Cup,0.01,2026-04-02 23:11:11.337398,
7586,161,Cup & Lid,1,Per Cup,0.21,2026-04-02 23:11:11.337398,
7587,161,Sticker (Logo),1,Per Cup,0.05,2026-04-02 23:11:11.337398,
7588,161,Sticker Printer,1,Per Cup,0.01,2026-04-02 23:11:11.337398,
7589,161,Cup Labor,1,Per Cup,0.06,2026-04-02 23:11:11.337398,
7590,161,Ice,1,per lb,0.19,2026-04-02 23:11:11.337398,
7591,161,Water,2,per cup (8oz),0.03,2026-04-02 23:11:11.337398,
7592,161,Lemon,1,Per Cup,0.28,2026-04-02 23:11:11.337398,
7593,161,Lime,1,Per Cup,0.22,2026-04-02 23:11:11.337398,
7594,161,Simple Syrup,1.5,Per Oz,0.03,2026-04-02 23:11:11.337398,
7595,161,Sweetened Condensed Milk,1,Per Oz,0.14,2026-04-02 23:11:11.337398,
7596,161,Blue Raspberry,0.5,Per Oz,0.14,2026-04-02 23:11:11.337398,
7597,161,French Vanilla,0.25,Per Oz,0.29,2026-04-02 23:11:11.337398,
7598,162,Straw,1,Per Cup,0.01,2026-04-02 23:11:11.337398,
7599,162,Cup & Lid,1,Per Cup,0.21,2026-04-02 23:11:11.337398,
7600,162,Sticker (Logo),1,Per Cup,0.05,2026-04-02 23:11:11.337398,
7601,162,Sticker Printer,1,Per Cup,0.01,2026-04-02 23:11:11.337398,
7602,162,Cup Labor,1,Per Cup,0.06,2026-04-02 23:11:11.337398,
7603,162,Ice,1,per lb,0.19,2026-04-02 23:11:11.337398,
7604,162,Water,2,per cup (8oz),0.03,2026-04-02 23:11:11.337398,
7605,162,Lemon,1,Per Cup,0.28,2026-04-02 23:11:11.337398,
7606,162,Simple Syrup,2,Per Oz,0.03,2026-04-02 23:11:11.337398,
7607,162,Candied Orange,0.75,Per Oz,0.29,2026-04-02 23:11:11.337398,
7608,163,Straw,1,Per Cup,0.01,2026-04-02 23:11:11.337398,
7609,163,Cup & Lid,1,Per Cup,0.21,2026-04-02 23:11:11.337398,
7610,163,Sticker (Logo),1,Per Cup,0.05,2026-04-02 23:11:11.337398,
7611,163,Sticker Printer,1,Per Cup,0.01,2026-04-02 23:11:11.337398,
7612,163,Cup Labor,1,Per Cup,0.06,2026-04-02 23:11:11.337398,
7613,163,Ice,1,per lb,0.19,2026-04-02 23:11:11.337398,
7614,163,Water,2,per cup (8oz),0.03,2026-04-02 23:11:11.337398,
7615,163,Lemon,1,Per Cup,0.28,2026-04-02 23:11:11.337398,
7616,163,Sugar Free Simple Syrup,4,Per Oz,0.13,2026-04-02 23:11:11.337398,
7617,163,Sugar Free Peach,1,Per Oz,0.29,2026-04-02 23:11:11.337398,
7618,164,Straw,1,Per Cup,0.01,2026-04-02 23:11:11.337398,
7619,164,Cup & Lid,1,Per Cup,0.21,2026-04-02 23:11:11.337398,
7620,164,Sticker (Logo),1,Per Cup,0.05,2026-04-02 23:11:11.337398,
7621,164,Sticker Printer,1,Per Cup,0.01,2026-04-02 23:11:11.337398,
7622,164,Cup Labor,1,Per Cup,0.06,2026-04-02 23:11:11.337398,
7623,164,Ice,1,per lb,0.19,2026-04-02 23:11:11.337398,
7624,164,Water,2,per cup (8oz),0.03,2026-04-02 23:11:11.337398,
7625,164,Lime,1,Per Cup,0.22,2026-04-02 23:11:11.337398,
7626,164,Simple Syrup,2,Per Oz,0.03,2026-04-02 23:11:11.337398,
7627,164,Candied Orange,0.75,Per Oz,0.29,2026-04-02 23:11:11.337398,
7628,165,Straw,1,Per Cup,0.01,2026-04-02 23:11:11.337398,
7629,165,Cup & Lid,1,Per Cup,0.21,2026-04-02 23:11:11.337398,
7630,165,Sticker (Logo),1,Per Cup,0.05,2026-04-02 23:11:11.337398,
7631,165,Sticker Printer,1,Per Cup,0.01,2026-04-02 23:11:11.337398,
7632,165,Cup Labor,1,Per Cup,0.06,2026-04-02 23:11:11.337398,
7633,165,Ice,1,per lb,0.19,2026-04-02 23:11:11.337398,
7634,165,Water,2,per cup (8oz),0.03,2026-04-02 23:11:11.337398,
7635,165,Lime,1,Per Cup,0.22,2026-04-02 23:11:11.337398,
7636,165,Sugar Fee Simple Syrup,4,Per Oz,0.13,2026-04-02 23:11:11.337398,
7637,165,Sugar Free Peach,1,Per Oz,0.29,2026-04-02 23:11:11.337398,
7638,166,Straw,1,Per Cup,0.01,2026-04-02 23:11:11.337398,
7639,166,Cup & Lid,1,Per Cup,0.21,2026-04-02 23:11:11.337398,
7640,166,Sticker (Logo),1,Per Cup,0.05,2026-04-02 23:11:11.337398,
7641,166,Sticker Printer,1,Per Cup,0.01,2026-04-02 23:11:11.337398,
7642,166,Cup Labor,1,Per Cup,0.06,2026-04-02 23:11:11.337398,
7643,166,Ice,1,per lb,0.19,2026-04-02 23:11:11.337398,
7644,166,Water,2,per cup (8oz),0.03,2026-04-02 23:11:11.337398,
7645,166,Lemon,1,Per Cup,0.28,2026-04-02 23:11:11.337398,
7646,166,Lime,1,Per Cup,0.22,2026-04-02 23:11:11.337398,
7647,166,Simple Syrup,2,Per Oz,0.03,2026-04-02 23:11:11.337398,
7648,166,Candied Orange,0.75,Per Oz,0.29,2026-04-02 23:11:11.337398,
7649,167,Straw,1,Per Cup,0.01,2026-04-02 23:11:11.337398,
7650,167,Cup & Lid,1,Per Cup,0.21,2026-04-02 23:11:11.337398,
7651,167,Sticker (Logo),1,Per Cup,0.05,2026-04-02 23:11:11.337398,
7652,167,Sticker Printer,1,Per Cup,0.01,2026-04-02 23:11:11.337398,
7653,167,Cup Labor,1,Per Cup,0.06,2026-04-02 23:11:11.337398,
7654,167,Ice,1,per lb,0.19,2026-04-02 23:11:11.337398,
7655,167,Water,2,per cup (8oz),0.03,2026-04-02 23:11:11.337398,
7656,167,Lemon,1,Per Cup,0.28,2026-04-02 23:11:11.337398,
7657,167,Lime,1,Per Cup,0.22,2026-04-02 23:11:11.337398,
7658,167,Sugar Free Simple Syrup,4,Per Oz,0.13,2026-04-02 23:11:11.337398,
7659,167,Sugar Free Peach,1,Per Oz,0.29,2026-04-02 23:11:11.337398,
7660,168,Straw,1,Per Cup,0.01,2026-04-02 23:11:11.337398,
7661,168,Cup & Lid,1,Per Cup,0.21,2026-04-02 23:11:11.337398,
7662,168,Sticker (Logo),1,Per Cup,0.05,2026-04-02 23:11:11.337398,
7663,168,Sticker Printer,1,Per Cup,0.01,2026-04-02 23:11:11.337398,
7664,168,Cup Labor,1,Per Cup,0.06,2026-04-02 23:11:11.337398,
7665,168,Ice,1,per lb,0.19,2026-04-02 23:11:11.337398,
7666,168,Water,2,per cup (8oz),0.03,2026-04-02 23:11:11.337398,
7667,168,Lime,2,Per Cup,0.22,2026-04-02 23:11:11.337398,
7668,168,Simple Syrup,2,Per Oz,0.03,2026-04-02 23:11:11.337398,
7669,168,Sweetened Condensed Milk,2,Per Oz,0.14,2026-04-02 23:11:11.337398,
7670,168,Candied Orange,0.25,Per oz,0.29,2026-04-02 23:11:11.337398,
7671,169,Straw,1,Per Cup,0.01,2026-04-02 23:11:11.337398,
7672,169,Cup & Lid,1,Per Cup,0.21,2026-04-02 23:11:11.337398,
7673,169,Sticker (Logo),1,Per Cup,0.05,2026-04-02 23:11:11.337398,
7674,169,Sticker Printer,1,Per Cup,0.01,2026-04-02 23:11:11.337398,
7675,169,Cup Labor,1,Per Cup,0.06,2026-04-02 23:11:11.337398,
7676,169,Ice,1,per lb,0.19,2026-04-02 23:11:11.337398,
7677,169,Water,2,per cup (8oz),0.03,2026-04-02 23:11:11.337398,
7678,169,Tea Concentrate,2,Per Cup,0.06,2026-04-02 23:11:11.337398,
7679,169,Lemon,1,Per Cup,0.28,2026-04-02 23:11:11.337398,
7680,169,Simple Syrup,2,Per Oz,0.03,2026-04-02 23:11:11.337398,
7681,169,Candied Orange,0.75,Per Oz,0.29,2026-04-02 23:11:11.337398,
7682,170,Straw,1,Per Cup,0.01,2026-04-02 23:11:11.337398,
7683,170,Cup & Lid,1,Per Cup,0.21,2026-04-02 23:11:11.337398,
7684,170,Sticker (Logo),1,Per Cup,0.05,2026-04-02 23:11:11.337398,
7685,170,Sticker Printer,1,Per Cup,0.01,2026-04-02 23:11:11.337398,
7686,170,Cup Labor,1,Per Cup,0.06,2026-04-02 23:11:11.337398,
7687,170,Ice,1,per lb,0.19,2026-04-02 23:11:11.337398,
7688,170,Water,2,per cup (8oz),0.03,2026-04-02 23:11:11.337398,
7689,170,Tea Concentrate,2,Per Cup,0.06,2026-04-02 23:11:11.337398,
7690,170,Lemon,1,Per Cup,0.28,2026-04-02 23:11:11.337398,
7691,170,Sugar Free Simple Syrup,4,Per Oz,0.13,2026-04-02 23:11:11.337398,
7692,170,Sugar Free Peach,1,Per Oz,0.29,2026-04-02 23:11:11.337398,
7693,171,Straw,1,Per Cup,0.01,2026-04-02 23:11:11.337398,
7694,171,Cup & Lid,1,Per Cup,0.21,2026-04-02 23:11:11.337398,
7695,171,Sticker (Logo),1,Per Cup,0.05,2026-04-02 23:11:11.337398,
7696,171,Sticker Printer,1,Per Cup,0.01,2026-04-02 23:11:11.337398,
7697,171,Cup Labor,1,Per Cup,0.06,2026-04-02 23:11:11.337398,
7698,171,Ice,1,per lb,0.19,2026-04-02 23:11:11.337398,
7699,171,Water,2,per cup (8oz),0.03,2026-04-02 23:11:11.337398,
7700,171,Lemon,1,Per Cup,0.28,2026-04-02 23:11:11.337398,
7701,171,Sugar Free Simple Syrup,3,Per Oz,0.13,2026-04-02 23:11:11.337398,
7702,171,Sugar Free Strawberry,0.375,Per Oz,0.29,2026-04-02 23:11:11.337398,
7703,171,Sugar Free Peach,0.25,Per Oz,0.29,2026-04-02 23:11:11.337398,
7704,171,Sugar Free Coconut,0.375,Per Oz,0.29,2026-04-02 23:11:11.337398,
7705,172,Straw,1,Per Cup,0.01,2026-04-02 23:11:11.337398,
7706,172,Cup & Lid,1,Per Cup,0.21,2026-04-02 23:11:11.337398,
7707,172,Sticker (Logo),1,Per Cup,0.05,2026-04-02 23:11:11.337398,
7708,172,Sticker Printer,1,Per Cup,0.01,2026-04-02 23:11:11.337398,
7709,172,Cup Labor,1,Per Cup,0.06,2026-04-02 23:11:11.337398,
7710,172,Ice,1,per lb,0.19,2026-04-02 23:11:11.337398,
7711,172,Water,2,per cup (8oz),0.03,2026-04-02 23:11:11.337398,
7712,172,Lime,1,Per Cup,0.22,2026-04-02 23:11:11.337398,
7713,172,Simple Syrup,1.5,Per Oz,0.03,2026-04-02 23:11:11.337398,
7714,172,Sweetened Condensed Milk,1,Per Oz,0.14,2026-04-02 23:11:11.337398,
7715,172,Coconut,0.5,Per Oz,0.29,2026-04-02 23:11:11.337398,
7716,172,French Vanilla,0.25,Per Oz,0.29,2026-04-02 23:11:11.337398,
7717,173,Straw,1,Per Cup,0.01,2026-04-02 23:11:11.337398,
7718,173,Cup & Lid,1,Per Cup,0.21,2026-04-02 23:11:11.337398,
7719,173,Sticker (Logo),1,Per Cup,0.05,2026-04-02 23:11:11.337398,
7720,173,Sticker Printer,1,Per Cup,0.01,2026-04-02 23:11:11.337398,
7721,173,Cup Labor,1,Per Cup,0.06,2026-04-02 23:11:11.337398,
7722,173,Ice,1,per lb,0.19,2026-04-02 23:11:11.337398,
7723,173,Water,2,per cup (8oz),0.03,2026-04-02 23:11:11.337398,
7724,173,Lemon,1,Per Cup,0.28,2026-04-02 23:11:11.337398,
7725,173,Simple Syrup,1.5,Per Oz,0.03,2026-04-02 23:11:11.337398,
7726,173,Sweetened Condensed Milk,1,Per Oz,0.14,2026-04-02 23:11:11.337398,
7727,173,Coconut,0.5,Per Oz,0.29,2026-04-02 23:11:11.337398,
7728,173,French Vanilla,0.25,Per Oz,0.29,2026-04-02 23:11:11.337398,
7729,174,Straw,1,Per Cup,0.01,2026-04-02 23:11:11.337398,
7730,174,Cup & Lid,1,Per Cup,0.21,2026-04-02 23:11:11.337398,
7731,174,Sticker (Logo),1,Per Cup,0.05,2026-04-02 23:11:11.337398,
7732,174,Sticker Printer,1,Per Cup,0.01,2026-04-02 23:11:11.337398,
7733,174,Cup Labor,1,Per Cup,0.06,2026-04-02 23:11:11.337398,
7734,174,Ice,1,per lb,0.19,2026-04-02 23:11:11.337398,
7735,174,Water,2,per cup (8oz),0.03,2026-04-02 23:11:11.337398,
7736,174,Lemon,1,Per Cup,0.28,2026-04-02 23:11:11.337398,
7737,174,Lime,1,Per Cup,0.22,2026-04-02 23:11:11.337398,
7738,174,Simple Syrup,1.5,Per Oz,0.03,2026-04-02 23:11:11.337398,
7739,174,Sweetened Condensed Milk,1,Per Oz,0.14,2026-04-02 23:11:11.337398,
7740,174,Coconut,0.5,Per Oz,0.29,2026-04-02 23:11:11.337398,
7741,174,French Vanilla,0.25,Per Oz,0.29,2026-04-02 23:11:11.337398,
7742,175,Straw,1,Per Cup,0.01,2026-04-02 23:11:11.337398,
7743,175,Cup & Lid,1,Per Cup,0.21,2026-04-02 23:11:11.337398,
7744,175,Sticker (Logo),1,Per Cup,0.05,2026-04-02 23:11:11.337398,
7745,175,Sticker Printer,1,Per Cup,0.01,2026-04-02 23:11:11.337398,
7746,175,Cup Labor,1,Per Cup,0.06,2026-04-02 23:11:11.337398,
7747,175,Ice,1,per lb,0.19,2026-04-02 23:11:11.337398,
7748,175,Water,2,per cup (8oz),0.03,2026-04-02 23:11:11.337398,
7749,175,Lemon,1,Per Cup,0.28,2026-04-02 23:11:11.337398,
7750,175,Simple Syrup,2,Per Oz,0.03,2026-04-02 23:11:11.337398,
7751,175,Coconut,0.75,Per Oz,0.29,2026-04-02 23:11:11.337398,
7752,176,Straw,1,Per Cup,0.01,2026-04-02 23:11:11.337398,
7753,176,Cup & Lid,1,Per Cup,0.21,2026-04-02 23:11:11.337398,
7754,176,Sticker (Logo),1,Per Cup,0.05,2026-04-02 23:11:11.337398,
7755,176,Sticker Printer,1,Per Cup,0.01,2026-04-02 23:11:11.337398,
7756,176,Cup Labor,1,Per Cup,0.06,2026-04-02 23:11:11.337398,
7757,176,Ice,1,per lb,0.19,2026-04-02 23:11:11.337398,
7758,176,Water,2,per cup (8oz),0.03,2026-04-02 23:11:11.337398,
7759,176,Lemon,1,Per Cup,0.28,2026-04-02 23:11:11.337398,
7760,176,Sugar Free Simple Syrup,4,Per Oz,0.13,2026-04-02 23:11:11.337398,
7761,176,Sugar Free Raspberry,1,Per Oz,0.29,2026-04-02 23:11:11.337398,
7762,177,Straw,1,Per Cup,0.01,2026-04-02 23:11:11.337398,
7763,177,Cup & Lid,1,Per Cup,0.21,2026-04-02 23:11:11.337398,
7764,177,Sticker (Logo),1,Per Cup,0.05,2026-04-02 23:11:11.337398,
7765,177,Sticker Printer,1,Per Cup,0.01,2026-04-02 23:11:11.337398,
7766,177,Cup Labor,1,Per Cup,0.06,2026-04-02 23:11:11.337398,
7767,177,Ice,1,per lb,0.19,2026-04-02 23:11:11.337398,
7768,177,Water,2,per cup (8oz),0.03,2026-04-02 23:11:11.337398,
7769,177,Lime,1,Per Cup,0.22,2026-04-02 23:11:11.337398,
7770,177,Simple Syrup,2,Per Oz,0.03,2026-04-02 23:11:11.337398,
7771,177,Coconut,0.75,Per Oz,0.29,2026-04-02 23:11:11.337398,
7772,178,Straw,1,Per Cup,0.01,2026-04-02 23:11:11.337398,
7773,178,Cup & Lid,1,Per Cup,0.21,2026-04-02 23:11:11.337398,
7774,178,Sticker (Logo),1,Per Cup,0.05,2026-04-02 23:11:11.337398,
7775,178,Sticker Printer,1,Per Cup,0.01,2026-04-02 23:11:11.337398,
7776,178,Cup Labor,1,Per Cup,0.06,2026-04-02 23:11:11.337398,
7777,178,Ice,1,per lb,0.19,2026-04-02 23:11:11.337398,
7778,178,Water,2,per cup (8oz),0.03,2026-04-02 23:11:11.337398,
7779,178,Lime,1,Per Cup,0.22,2026-04-02 23:11:11.337398,
7780,178,Sugar Fee Simple Syrup,4,Per Oz,0.13,2026-04-02 23:11:11.337398,
7781,178,Sugar Free Raspberry,1,Per Oz,0.29,2026-04-02 23:11:11.337398,
7782,179,Straw,1,Per Cup,0.01,2026-04-02 23:11:11.337398,
7783,179,Cup & Lid,1,Per Cup,0.21,2026-04-02 23:11:11.337398,
7784,179,Sticker (Logo),1,Per Cup,0.05,2026-04-02 23:11:11.337398,
7785,179,Sticker Printer,1,Per Cup,0.01,2026-04-02 23:11:11.337398,
7786,179,Cup Labor,1,Per Cup,0.06,2026-04-02 23:11:11.337398,
7787,179,Ice,1,per lb,0.19,2026-04-02 23:11:11.337398,
7788,179,Water,2,per cup (8oz),0.03,2026-04-02 23:11:11.337398,
7789,179,Lemon,1,Per Cup,0.28,2026-04-02 23:11:11.337398,
7790,179,Lime,1,Per Cup,0.22,2026-04-02 23:11:11.337398,
7791,179,Simple Syrup,2,Per Oz,0.03,2026-04-02 23:11:11.337398,
7792,179,Coconut,0.75,Per Oz,0.29,2026-04-02 23:11:11.337398,
7793,180,Straw,1,Per Cup,0.01,2026-04-02 23:11:11.337398,
7794,180,Cup & Lid,1,Per Cup,0.21,2026-04-02 23:11:11.337398,
7795,180,Sticker (Logo),1,Per Cup,0.05,2026-04-02 23:11:11.337398,
7796,180,Sticker Printer,1,Per Cup,0.01,2026-04-02 23:11:11.337398,
7797,180,Cup Labor,1,Per Cup,0.06,2026-04-02 23:11:11.337398,
7798,180,Ice,1,per lb,0.19,2026-04-02 23:11:11.337398,
7799,180,Water,2,per cup (8oz),0.03,2026-04-02 23:11:11.337398,
7800,180,Lemon,1,Per Cup,0.28,2026-04-02 23:11:11.337398,
7801,180,Lime,1,Per Cup,0.22,2026-04-02 23:11:11.337398,
7802,180,Sugar Free Simple Syrup,4,Per Oz,0.13,2026-04-02 23:11:11.337398,
7803,180,Sugar Free Raspberry,1,Per Oz,0.29,2026-04-02 23:11:11.337398,
7804,181,Straw,1,Per Cup,0.01,2026-04-02 23:11:11.337398,
7805,181,Cup & Lid,1,Per Cup,0.21,2026-04-02 23:11:11.337398,
7806,181,Sticker (Logo),1,Per Cup,0.05,2026-04-02 23:11:11.337398,
7807,181,Sticker Printer,1,Per Cup,0.01,2026-04-02 23:11:11.337398,
7808,181,Cup Labor,1,Per Cup,0.06,2026-04-02 23:11:11.337398,
7809,181,Ice,1,per lb,0.19,2026-04-02 23:11:11.337398,
7810,181,Water,2,per cup (8oz),0.03,2026-04-02 23:11:11.337398,
7811,181,Lime,2,Per Cup,0.22,2026-04-02 23:11:11.337398,
7812,181,Simple Syrup,2,Per Oz,0.03,2026-04-02 23:11:11.337398,
7813,181,Sweetened Condensed Milk,2,Per Oz,0.14,2026-04-02 23:11:11.337398,
7814,181,Coconut,0.25,Per oz,0.29,2026-04-02 23:11:11.337398,
7815,182,Straw,1,Per Cup,0.01,2026-04-02 23:11:11.337398,
7816,182,Cup & Lid,1,Per Cup,0.21,2026-04-02 23:11:11.337398,
7817,182,Sticker (Logo),1,Per Cup,0.05,2026-04-02 23:11:11.337398,
7818,182,Sticker Printer,1,Per Cup,0.01,2026-04-02 23:11:11.337398,
7819,182,Cup Labor,1,Per Cup,0.06,2026-04-02 23:11:11.337398,
7820,182,Ice,1,per lb,0.19,2026-04-02 23:11:11.337398,
7821,182,Water,2,per cup (8oz),0.03,2026-04-02 23:11:11.337398,
7822,182,Tea Concentrate,2,Per Cup,0.06,2026-04-02 23:11:11.337398,
7823,182,Lemon,1,Per Cup,0.28,2026-04-02 23:11:11.337398,
7824,182,Simple Syrup,2,Per Oz,0.03,2026-04-02 23:11:11.337398,
7825,182,Coconut,0.75,Per Oz,0.29,2026-04-02 23:11:11.337398,
7826,183,Straw,1,Per Cup,0.01,2026-04-02 23:11:11.337398,
7827,183,Cup & Lid,1,Per Cup,0.21,2026-04-02 23:11:11.337398,
7828,183,Sticker (Logo),1,Per Cup,0.05,2026-04-02 23:11:11.337398,
7829,183,Sticker Printer,1,Per Cup,0.01,2026-04-02 23:11:11.337398,
7830,183,Cup Labor,1,Per Cup,0.06,2026-04-02 23:11:11.337398,
7831,183,Ice,1,per lb,0.19,2026-04-02 23:11:11.337398,
7832,183,Water,2,per cup (8oz),0.03,2026-04-02 23:11:11.337398,
7833,183,Tea Concentrate,2,Per Cup,0.06,2026-04-02 23:11:11.337398,
7834,183,Lemon,1,Per Cup,0.28,2026-04-02 23:11:11.337398,
7835,183,Sugar Free Simple Syrup,4,Per Oz,0.13,2026-04-02 23:11:11.337398,
7836,183,Sugar Free Raspberry,1,Per Oz,0.29,2026-04-02 23:11:11.337398,
7837,184,Straw,1,Per Cup,0.01,2026-04-02 23:11:11.337398,
7838,184,Cup & Lid,1,Per Cup,0.21,2026-04-02 23:11:11.337398,
7839,184,Sticker (Logo),1,Per Cup,0.05,2026-04-02 23:11:11.337398,
7840,184,Sticker Printer,1,Per Cup,0.01,2026-04-02 23:11:11.337398,
7841,184,Cup Labor,1,Per Cup,0.06,2026-04-02 23:11:11.337398,
7842,184,Ice,1,per lb,0.19,2026-04-02 23:11:11.337398,
7843,184,Water,2,per cup (8oz),0.03,2026-04-02 23:11:11.337398,
7844,184,Lemon,1,Per Cup,0.28,2026-04-02 23:11:11.337398,
7845,184,Simple Syrup,2,Per Oz,0.03,2026-04-02 23:11:11.337398,
7846,184,Strawberry,0.5,Per Oz,0.29,2026-04-02 23:11:11.337398,
7847,184,French Vanilla,0.5,Per Oz,0.29,2026-04-02 23:11:11.337398,
7848,185,Straw,1,Per Cup,0.01,2026-04-02 23:11:11.337398,
7849,185,Cup & Lid,1,Per Cup,0.21,2026-04-02 23:11:11.337398,
7850,185,Sticker (Logo),1,Per Cup,0.05,2026-04-02 23:11:11.337398,
7851,185,Sticker Printer,1,Per Cup,0.01,2026-04-02 23:11:11.337398,
7852,185,Cup Labor,1,Per Cup,0.06,2026-04-02 23:11:11.337398,
7853,185,Ice,1,per lb,0.19,2026-04-02 23:11:11.337398,
7854,185,Water,2,per cup (8oz),0.03,2026-04-02 23:11:11.337398,
7855,185,Lime,1,Per Cup,0.22,2026-04-02 23:11:11.337398,
7856,185,Simple Syrup,1.5,Per Oz,0.03,2026-04-02 23:11:11.337398,
7857,185,Sweetened Condensed Milk,1,Per Oz,0.14,2026-04-02 23:11:11.337398,
7858,185,Cucumber,0.5,Per Oz,0.3,2026-04-02 23:11:11.337398,
7859,185,French Vanilla,0.25,Per Oz,0.29,2026-04-02 23:11:11.337398,
7860,186,Straw,1,Per Cup,0.01,2026-04-02 23:11:11.337398,
7861,186,Cup & Lid,1,Per Cup,0.21,2026-04-02 23:11:11.337398,
7862,186,Sticker (Logo),1,Per Cup,0.05,2026-04-02 23:11:11.337398,
7863,186,Sticker Printer,1,Per Cup,0.01,2026-04-02 23:11:11.337398,
7864,186,Cup Labor,1,Per Cup,0.06,2026-04-02 23:11:11.337398,
7865,186,Ice,1,per lb,0.19,2026-04-02 23:11:11.337398,
7866,186,Water,2,per cup (8oz),0.03,2026-04-02 23:11:11.337398,
7867,186,Lemon,1,Per Cup,0.28,2026-04-02 23:11:11.337398,
7868,186,Simple Syrup,1.5,Per Oz,0.03,2026-04-02 23:11:11.337398,
7869,186,Sweetened Condensed Milk,1,Per Oz,0.14,2026-04-02 23:11:11.337398,
7870,186,Cucumber,0.5,Per Oz,0.3,2026-04-02 23:11:11.337398,
9004,22,Sticker (Logo),1,Per Cup,0.05,2026-04-03 13:42:21.669548,
9376,55,Lime,1,Per Cup,0.22,2026-04-03 13:42:21.669548,
7871,186,French Vanilla,0.25,Per Oz,0.29,2026-04-02 23:11:11.337398,
7872,187,Straw,1,Per Cup,0.01,2026-04-02 23:11:11.337398,
7873,187,Cup & Lid,1,Per Cup,0.21,2026-04-02 23:11:11.337398,
7874,187,Sticker (Logo),1,Per Cup,0.05,2026-04-02 23:11:11.337398,
7875,187,Sticker Printer,1,Per Cup,0.01,2026-04-02 23:11:11.337398,
7876,187,Cup Labor,1,Per Cup,0.06,2026-04-02 23:11:11.337398,
7877,187,Ice,1,per lb,0.19,2026-04-02 23:11:11.337398,
7878,187,Water,2,per cup (8oz),0.03,2026-04-02 23:11:11.337398,
7879,187,Lemon,1,Per Cup,0.28,2026-04-02 23:11:11.337398,
7880,187,Lime,1,Per Cup,0.22,2026-04-02 23:11:11.337398,
7881,187,Simple Syrup,1.5,Per Oz,0.03,2026-04-02 23:11:11.337398,
7882,187,Sweetened Condensed Milk,1,Per Oz,0.14,2026-04-02 23:11:11.337398,
7883,187,Cucumber,0.5,Per Oz,0.3,2026-04-02 23:11:11.337398,
7884,187,French Vanilla,0.25,Per Oz,0.29,2026-04-02 23:11:11.337398,
7885,188,Straw,1,Per Cup,0.01,2026-04-02 23:11:11.337398,
7886,188,Cup & Lid,1,Per Cup,0.21,2026-04-02 23:11:11.337398,
7887,188,Sticker (Logo),1,Per Cup,0.05,2026-04-02 23:11:11.337398,
7888,188,Sticker Printer,1,Per Cup,0.01,2026-04-02 23:11:11.337398,
7889,188,Cup Labor,1,Per Cup,0.06,2026-04-02 23:11:11.337398,
7890,188,Ice,1,per lb,0.19,2026-04-02 23:11:11.337398,
7891,188,Water,2,per cup (8oz),0.03,2026-04-02 23:11:11.337398,
7892,188,Lemon,1,Per Cup,0.28,2026-04-02 23:11:11.337398,
7893,188,Simple Syrup,2,Per Oz,0.03,2026-04-02 23:11:11.337398,
7894,188,Cucumber,0.75,Per Oz,0.3,2026-04-02 23:11:11.337398,
7895,189,Straw,1,Per Cup,0.01,2026-04-02 23:11:11.337398,
7896,189,Cup & Lid,1,Per Cup,0.21,2026-04-02 23:11:11.337398,
7897,189,Sticker (Logo),1,Per Cup,0.05,2026-04-02 23:11:11.337398,
7898,189,Sticker Printer,1,Per Cup,0.01,2026-04-02 23:11:11.337398,
7899,189,Cup Labor,1,Per Cup,0.06,2026-04-02 23:11:11.337398,
7900,189,Ice,1,per lb,0.19,2026-04-02 23:11:11.337398,
7901,189,Water,2,per cup (8oz),0.03,2026-04-02 23:11:11.337398,
7902,189,Lemon,1,Per Cup,0.28,2026-04-02 23:11:11.337398,
7903,189,Sugar Free Simple Syrup,4,Per Oz,0.13,2026-04-02 23:11:11.337398,
7904,189,Sugar Free Strawberry,1,Per Oz,0.29,2026-04-02 23:11:11.337398,
7905,190,Straw,1,Per Cup,0.01,2026-04-02 23:11:11.337398,
7906,190,Cup & Lid,1,Per Cup,0.21,2026-04-02 23:11:11.337398,
7907,190,Sticker (Logo),1,Per Cup,0.05,2026-04-02 23:11:11.337398,
7908,190,Sticker Printer,1,Per Cup,0.01,2026-04-02 23:11:11.337398,
7909,190,Cup Labor,1,Per Cup,0.06,2026-04-02 23:11:11.337398,
7910,190,Ice,1,per lb,0.19,2026-04-02 23:11:11.337398,
7911,190,Water,2,per cup (8oz),0.03,2026-04-02 23:11:11.337398,
7912,190,Lime,1,Per Cup,0.22,2026-04-02 23:11:11.337398,
7913,190,Simple Syrup,2,Per Oz,0.03,2026-04-02 23:11:11.337398,
7914,190,Cucumber,0.75,Per Oz,0.3,2026-04-02 23:11:11.337398,
7915,191,Straw,1,Per Cup,0.01,2026-04-02 23:11:11.337398,
7916,191,Cup & Lid,1,Per Cup,0.21,2026-04-02 23:11:11.337398,
7917,191,Sticker (Logo),1,Per Cup,0.05,2026-04-02 23:11:11.337398,
7918,191,Sticker Printer,1,Per Cup,0.01,2026-04-02 23:11:11.337398,
7919,191,Cup Labor,1,Per Cup,0.06,2026-04-02 23:11:11.337398,
7920,191,Ice,1,per lb,0.19,2026-04-02 23:11:11.337398,
7921,191,Water,2,per cup (8oz),0.03,2026-04-02 23:11:11.337398,
7922,191,Lime,1,Per Cup,0.22,2026-04-02 23:11:11.337398,
7923,191,Sugar Fee Simple Syrup,4,Per Oz,0.13,2026-04-02 23:11:11.337398,
7924,191,Sugar Free Strawberry,1,Per Oz,0.29,2026-04-02 23:11:11.337398,
7925,192,Straw,1,Per Cup,0.01,2026-04-02 23:11:11.337398,
7926,192,Cup & Lid,1,Per Cup,0.21,2026-04-02 23:11:11.337398,
7927,192,Sticker (Logo),1,Per Cup,0.05,2026-04-02 23:11:11.337398,
7928,192,Sticker Printer,1,Per Cup,0.01,2026-04-02 23:11:11.337398,
7929,192,Cup Labor,1,Per Cup,0.06,2026-04-02 23:11:11.337398,
7930,192,Ice,1,per lb,0.19,2026-04-02 23:11:11.337398,
7931,192,Water,2,per cup (8oz),0.03,2026-04-02 23:11:11.337398,
7932,192,Lemon,1,Per Cup,0.28,2026-04-02 23:11:11.337398,
7933,192,Lime,1,Per Cup,0.22,2026-04-02 23:11:11.337398,
7934,192,Simple Syrup,2,Per Oz,0.03,2026-04-02 23:11:11.337398,
7935,192,Cucumber,0.75,Per Oz,0.3,2026-04-02 23:11:11.337398,
7936,193,Straw,1,Per Cup,0.01,2026-04-02 23:11:11.337398,
7937,193,Cup & Lid,1,Per Cup,0.21,2026-04-02 23:11:11.337398,
7938,193,Sticker (Logo),1,Per Cup,0.05,2026-04-02 23:11:11.337398,
7939,193,Sticker Printer,1,Per Cup,0.01,2026-04-02 23:11:11.337398,
7940,193,Cup Labor,1,Per Cup,0.06,2026-04-02 23:11:11.337398,
7941,193,Ice,1,per lb,0.19,2026-04-02 23:11:11.337398,
7942,193,Water,2,per cup (8oz),0.03,2026-04-02 23:11:11.337398,
7943,193,Lemon,1,Per Cup,0.28,2026-04-02 23:11:11.337398,
7944,193,Lime,1,Per Cup,0.22,2026-04-02 23:11:11.337398,
7945,193,Sugar Free Simple Syrup,4,Per Oz,0.13,2026-04-02 23:11:11.337398,
7946,193,Sugar Free Strawberry,1,Per Oz,0.29,2026-04-02 23:11:11.337398,
7947,194,Straw,1,Per Cup,0.01,2026-04-02 23:11:11.337398,
7948,194,Cup & Lid,1,Per Cup,0.21,2026-04-02 23:11:11.337398,
7949,194,Sticker (Logo),1,Per Cup,0.05,2026-04-02 23:11:11.337398,
7950,194,Sticker Printer,1,Per Cup,0.01,2026-04-02 23:11:11.337398,
7951,194,Cup Labor,1,Per Cup,0.06,2026-04-02 23:11:11.337398,
7952,194,Ice,1,per lb,0.19,2026-04-02 23:11:11.337398,
7953,194,Water,2,per cup (8oz),0.03,2026-04-02 23:11:11.337398,
7954,194,Lime,2,Per Cup,0.22,2026-04-02 23:11:11.337398,
7955,194,Simple Syrup,2,Per Oz,0.03,2026-04-02 23:11:11.337398,
7956,194,Sweetened Condensed Milk,2,Per Oz,0.14,2026-04-02 23:11:11.337398,
7957,194,Cucumber,0.25,Per oz,0.3,2026-04-02 23:11:11.337398,
7958,195,Straw,1,Per Cup,0.01,2026-04-02 23:11:11.337398,
7959,195,Cup & Lid,1,Per Cup,0.21,2026-04-02 23:11:11.337398,
7960,195,Sticker (Logo),1,Per Cup,0.05,2026-04-02 23:11:11.337398,
7961,195,Sticker Printer,1,Per Cup,0.01,2026-04-02 23:11:11.337398,
7962,195,Cup Labor,1,Per Cup,0.06,2026-04-02 23:11:11.337398,
7963,195,Ice,1,per lb,0.19,2026-04-02 23:11:11.337398,
7964,195,Water,2,per cup (8oz),0.03,2026-04-02 23:11:11.337398,
7965,195,Tea Concentrate,2,Per Cup,0.06,2026-04-02 23:11:11.337398,
7966,195,Lemon,1,Per Cup,0.28,2026-04-02 23:11:11.337398,
7967,195,Simple Syrup,2,Per Oz,0.03,2026-04-02 23:11:11.337398,
7968,195,Cucumber,0.75,Per Oz,0.3,2026-04-02 23:11:11.337398,
7969,196,Straw,1,Per Cup,0.01,2026-04-02 23:11:11.337398,
7970,196,Cup & Lid,1,Per Cup,0.21,2026-04-02 23:11:11.337398,
7971,196,Sticker (Logo),1,Per Cup,0.05,2026-04-02 23:11:11.337398,
7972,196,Sticker Printer,1,Per Cup,0.01,2026-04-02 23:11:11.337398,
7973,196,Cup Labor,1,Per Cup,0.06,2026-04-02 23:11:11.337398,
7974,196,Ice,1,per lb,0.19,2026-04-02 23:11:11.337398,
7975,196,Water,2,per cup (8oz),0.03,2026-04-02 23:11:11.337398,
7976,196,Tea Concentrate,2,Per Cup,0.06,2026-04-02 23:11:11.337398,
7977,196,Lemon,1,Per Cup,0.28,2026-04-02 23:11:11.337398,
7978,196,Sugar Free Simple Syrup,4,Per Oz,0.13,2026-04-02 23:11:11.337398,
7979,196,Sugar Free Strawberry,1,Per Oz,0.29,2026-04-02 23:11:11.337398,
7980,197,Straw,1,Per Cup,0.01,2026-04-02 23:11:11.337398,
7981,197,Cup & Lid,1,Per Cup,0.21,2026-04-02 23:11:11.337398,
7982,197,Sticker (Logo),1,Per Cup,0.05,2026-04-02 23:11:11.337398,
7983,197,Sticker Printer,1,Per Cup,0.01,2026-04-02 23:11:11.337398,
7984,197,Cup Labor,1,Per Cup,0.06,2026-04-02 23:11:11.337398,
7985,197,Ice,1,per lb,0.19,2026-04-02 23:11:11.337398,
7986,197,Water,2,per cup (8oz),0.03,2026-04-02 23:11:11.337398,
7987,197,Lemon,1,Per Cup,0.28,2026-04-02 23:11:11.337398,
7988,197,Simple Syrup,2,Per Oz,0.03,2026-04-02 23:11:11.337398,
7989,197,French Vanilla,0.5,Per Oz,0.29,2026-04-02 23:11:11.337398,
7990,197,Candied Orange,0.5,Per Oz,0.29,2026-04-02 23:11:11.337398,
7991,198,Straw,1,Per Cup,0.01,2026-04-02 23:11:11.337398,
7992,198,Cup & Lid,1,Per Cup,0.21,2026-04-02 23:11:11.337398,
7993,198,Sticker (Logo),1,Per Cup,0.05,2026-04-02 23:11:11.337398,
7994,198,Sticker Printer,1,Per Cup,0.01,2026-04-02 23:11:11.337398,
7995,198,Cup Labor,1,Per Cup,0.06,2026-04-02 23:11:11.337398,
7996,198,Ice,1,per lb,0.19,2026-04-02 23:11:11.337398,
7997,198,Water,2,per cup (8oz),0.03,2026-04-02 23:11:11.337398,
7998,198,Lime,1,Per Cup,0.22,2026-04-02 23:11:11.337398,
7999,198,Simple Syrup,1.5,Per Oz,0.03,2026-04-02 23:11:11.337398,
8000,198,Sweetened Condensed Milk,1,Per Oz,0.14,2026-04-02 23:11:11.337398,
8001,198,Lavender,0.5,Per Oz,0.29,2026-04-02 23:11:11.337398,
8002,198,French Vanilla,0.25,Per Oz,0.29,2026-04-02 23:11:11.337398,
8003,199,Straw,1,Per Cup,0.01,2026-04-02 23:11:11.337398,
8004,199,Cup & Lid,1,Per Cup,0.21,2026-04-02 23:11:11.337398,
8005,199,Sticker (Logo),1,Per Cup,0.05,2026-04-02 23:11:11.337398,
8006,199,Sticker Printer,1,Per Cup,0.01,2026-04-02 23:11:11.337398,
8007,199,Cup Labor,1,Per Cup,0.06,2026-04-02 23:11:11.337398,
8008,199,Ice,1,per lb,0.19,2026-04-02 23:11:11.337398,
8009,199,Water,2,per cup (8oz),0.03,2026-04-02 23:11:11.337398,
8010,199,Lemon,1,Per Cup,0.28,2026-04-02 23:11:11.337398,
8011,199,Simple Syrup,1.5,Per Oz,0.03,2026-04-02 23:11:11.337398,
8012,199,Sweetened Condensed Milk,1,Per Oz,0.14,2026-04-02 23:11:11.337398,
8013,199,Lavender,0.5,Per Oz,0.29,2026-04-02 23:11:11.337398,
8014,199,French Vanilla,0.25,Per Oz,0.29,2026-04-02 23:11:11.337398,
8015,200,Straw,1,Per Cup,0.01,2026-04-02 23:11:11.337398,
8016,200,Cup & Lid,1,Per Cup,0.21,2026-04-02 23:11:11.337398,
8017,200,Sticker (Logo),1,Per Cup,0.05,2026-04-02 23:11:11.337398,
8018,200,Sticker Printer,1,Per Cup,0.01,2026-04-02 23:11:11.337398,
8019,200,Cup Labor,1,Per Cup,0.06,2026-04-02 23:11:11.337398,
8020,200,Ice,1,per lb,0.19,2026-04-02 23:11:11.337398,
8021,200,Water,2,per cup (8oz),0.03,2026-04-02 23:11:11.337398,
8022,200,Lemon,1,Per Cup,0.28,2026-04-02 23:11:11.337398,
8023,200,Lime,1,Per Cup,0.22,2026-04-02 23:11:11.337398,
8024,200,Simple Syrup,1.5,Per Oz,0.03,2026-04-02 23:11:11.337398,
8025,200,Sweetened Condensed Milk,1,Per Oz,0.14,2026-04-02 23:11:11.337398,
8026,200,Lavender,0.5,Per Oz,0.29,2026-04-02 23:11:11.337398,
8027,200,French Vanilla,0.25,Per Oz,0.29,2026-04-02 23:11:11.337398,
8028,201,Straw,2,Per Cup,0.01,2026-04-02 23:11:11.337398,
8029,201,Cup & Lid,1,Per Cup,0.21,2026-04-02 23:11:11.337398,
8030,201,Sticker (Logo),1,Per Cup,0.05,2026-04-02 23:11:11.337398,
8031,201,Sticker Printer,1,Per Cup,0.01,2026-04-02 23:11:11.337398,
8032,201,Cup Labor,1,Per Cup,0.06,2026-04-02 23:11:11.337398,
8033,201,Ice,1,per lb,0.19,2026-04-02 23:11:11.337398,
8034,201,Water,2,per cup (8oz),0.03,2026-04-02 23:11:11.337398,
8035,201,Lemon,1,Per Cup,0.28,2026-04-02 23:11:11.337398,
8036,201,Simple Syrup,2,Per Oz,0.03,2026-04-02 23:11:11.337398,
8037,201,Lavender,0.75,Per Oz,0.29,2026-04-02 23:11:11.337398,
8038,202,Straw,1,Per Cup,0.01,2026-04-02 23:11:11.337398,
8039,202,Cup & Lid,1,Per Cup,0.21,2026-04-02 23:11:11.337398,
8040,202,Sticker (Logo),1,Per Cup,0.05,2026-04-02 23:11:11.337398,
8041,202,Sticker Printer,1,Per Cup,0.01,2026-04-02 23:11:11.337398,
8042,202,Cup Labor,1,Per Cup,0.06,2026-04-02 23:11:11.337398,
8043,202,Ice,1,per lb,0.19,2026-04-02 23:11:11.337398,
8044,202,Water,2,per cup (8oz),0.03,2026-04-02 23:11:11.337398,
8045,202,Lemon,1,Per Cup,0.28,2026-04-02 23:11:11.337398,
8046,202,Sugar Free Simple Syrup,4,Per Oz,0.13,2026-04-02 23:11:11.337398,
8047,202,Sugar Free Cherry,1,Per Oz,0.29,2026-04-02 23:11:11.337398,
8048,203,Straw,1,Per Cup,0.01,2026-04-02 23:11:11.337398,
8049,203,Cup & Lid,1,Per Cup,0.21,2026-04-02 23:11:11.337398,
8050,203,Sticker (Logo),1,Per Cup,0.05,2026-04-02 23:11:11.337398,
8051,203,Sticker Printer,1,Per Cup,0.01,2026-04-02 23:11:11.337398,
8052,203,Cup Labor,1,Per Cup,0.06,2026-04-02 23:11:11.337398,
8053,203,Ice,1,per lb,0.19,2026-04-02 23:11:11.337398,
8054,203,Water,2,per cup (8oz),0.03,2026-04-02 23:11:11.337398,
8055,203,Lime,1,Per Cup,0.22,2026-04-02 23:11:11.337398,
8056,203,Simple Syrup,2,Per Oz,0.03,2026-04-02 23:11:11.337398,
8057,203,Lavender,0.75,Per Oz,0.29,2026-04-02 23:11:11.337398,
8058,204,Straw,1,Per Cup,0.01,2026-04-02 23:11:11.337398,
8059,204,Cup & Lid,1,Per Cup,0.21,2026-04-02 23:11:11.337398,
8060,204,Sticker (Logo),1,Per Cup,0.05,2026-04-02 23:11:11.337398,
8061,204,Sticker Printer,1,Per Cup,0.01,2026-04-02 23:11:11.337398,
8062,204,Cup Labor,1,Per Cup,0.06,2026-04-02 23:11:11.337398,
8063,204,Ice,1,per lb,0.19,2026-04-02 23:11:11.337398,
8064,204,Water,2,per cup (8oz),0.03,2026-04-02 23:11:11.337398,
8065,204,Lime,1,Per Cup,0.22,2026-04-02 23:11:11.337398,
8066,204,Sugar Fee Simple Syrup,4,Per Oz,0.13,2026-04-02 23:11:11.337398,
8067,204,Sugar Free Cherry,1,Per Oz,0.29,2026-04-02 23:11:11.337398,
8068,205,Straw,1,Per Cup,0.01,2026-04-02 23:11:11.337398,
8069,205,Cup & Lid,1,Per Cup,0.21,2026-04-02 23:11:11.337398,
8070,205,Sticker (Logo),1,Per Cup,0.05,2026-04-02 23:11:11.337398,
8071,205,Sticker Printer,1,Per Cup,0.01,2026-04-02 23:11:11.337398,
8072,205,Cup Labor,1,Per Cup,0.06,2026-04-02 23:11:11.337398,
8073,205,Ice,1,per lb,0.19,2026-04-02 23:11:11.337398,
8074,205,Water,2,per cup (8oz),0.03,2026-04-02 23:11:11.337398,
8075,205,Lemon,1,Per Cup,0.28,2026-04-02 23:11:11.337398,
8076,205,Lime,1,Per Cup,0.22,2026-04-02 23:11:11.337398,
8077,205,Simple Syrup,2,Per Oz,0.03,2026-04-02 23:11:11.337398,
8078,205,Lavender,0.75,Per Oz,0.29,2026-04-02 23:11:11.337398,
8079,206,Straw,1,Per Cup,0.01,2026-04-02 23:11:11.337398,
8080,206,Cup & Lid,1,Per Cup,0.21,2026-04-02 23:11:11.337398,
8081,206,Sticker (Logo),1,Per Cup,0.05,2026-04-02 23:11:11.337398,
8082,206,Sticker Printer,1,Per Cup,0.01,2026-04-02 23:11:11.337398,
8083,206,Cup Labor,1,Per Cup,0.06,2026-04-02 23:11:11.337398,
8084,206,Ice,1,per lb,0.19,2026-04-02 23:11:11.337398,
8085,206,Water,2,per cup (8oz),0.03,2026-04-02 23:11:11.337398,
8086,206,Lemon,1,Per Cup,0.28,2026-04-02 23:11:11.337398,
8087,206,Lime,1,Per Cup,0.22,2026-04-02 23:11:11.337398,
8088,206,Sugar Free Simple Syrup,4,Per Oz,0.13,2026-04-02 23:11:11.337398,
8089,206,Sugar Free Cherry,1,Per Oz,0.29,2026-04-02 23:11:11.337398,
8090,207,Straw,1,Per Cup,0.01,2026-04-02 23:11:11.337398,
8091,207,Cup & Lid,1,Per Cup,0.21,2026-04-02 23:11:11.337398,
8092,207,Sticker (Logo),1,Per Cup,0.05,2026-04-02 23:11:11.337398,
8093,207,Sticker Printer,1,Per Cup,0.01,2026-04-02 23:11:11.337398,
8094,207,Cup Labor,1,Per Cup,0.06,2026-04-02 23:11:11.337398,
8095,207,Ice,1,per lb,0.19,2026-04-02 23:11:11.337398,
8096,207,Water,2,per cup (8oz),0.03,2026-04-02 23:11:11.337398,
8097,207,Lime,2,Per Cup,0.22,2026-04-02 23:11:11.337398,
8098,207,Simple Syrup,2,Per Oz,0.03,2026-04-02 23:11:11.337398,
8099,207,Sweetened Condensed Milk,2,Per Oz,0.14,2026-04-02 23:11:11.337398,
8100,207,Lavender,0.25,Per oz,0.29,2026-04-02 23:11:11.337398,
8101,208,Straw,1,Per Cup,0.01,2026-04-02 23:11:11.337398,
8102,208,Cup & Lid,1,Per Cup,0.21,2026-04-02 23:11:11.337398,
8103,208,Sticker (Logo),1,Per Cup,0.05,2026-04-02 23:11:11.337398,
8104,208,Sticker Printer,1,Per Cup,0.01,2026-04-02 23:11:11.337398,
8105,208,Cup Labor,1,Per Cup,0.06,2026-04-02 23:11:11.337398,
8106,208,Ice,1,per lb,0.19,2026-04-02 23:11:11.337398,
8107,208,Water,2,per cup (8oz),0.03,2026-04-02 23:11:11.337398,
8108,208,Tea Concentrate,2,Per Cup,0.06,2026-04-02 23:11:11.337398,
8109,208,Lemon,1,Per Cup,0.28,2026-04-02 23:11:11.337398,
8110,208,Simple Syrup,2,Per Oz,0.03,2026-04-02 23:11:11.337398,
8111,208,Lavender,0.75,Per Oz,0.29,2026-04-02 23:11:11.337398,
8112,209,Straw,1,Per Cup,0.01,2026-04-02 23:11:11.337398,
8113,209,Cup & Lid,1,Per Cup,0.21,2026-04-02 23:11:11.337398,
8114,209,Sticker (Logo),1,Per Cup,0.05,2026-04-02 23:11:11.337398,
8115,209,Sticker Printer,1,Per Cup,0.01,2026-04-02 23:11:11.337398,
8116,209,Cup Labor,1,Per Cup,0.06,2026-04-02 23:11:11.337398,
8117,209,Ice,1,per lb,0.19,2026-04-02 23:11:11.337398,
8118,209,Water,2,per cup (8oz),0.03,2026-04-02 23:11:11.337398,
8119,209,Tea Concentrate,2,Per Cup,0.06,2026-04-02 23:11:11.337398,
8120,209,Lemon,1,Per Cup,0.28,2026-04-02 23:11:11.337398,
8121,209,Sugar Free Simple Syrup,4,Per Oz,0.13,2026-04-02 23:11:11.337398,
8122,209,Sugar Free Cherry,1,Per Oz,0.29,2026-04-02 23:11:11.337398,
8123,210,Straw,1,Per Cup,0.01,2026-04-02 23:11:11.337398,
8124,210,Cup & Lid,1,Per Cup,0.21,2026-04-02 23:11:11.337398,
8125,210,Sticker (Logo),1,Per Cup,0.05,2026-04-02 23:11:11.337398,
8126,210,Sticker Printer,1,Per Cup,0.01,2026-04-02 23:11:11.337398,
8127,210,Cup Labor,1,Per Cup,0.06,2026-04-02 23:11:11.337398,
8128,210,Ice,1,per lb,0.19,2026-04-02 23:11:11.337398,
8129,210,Water,2,per cup (8oz),0.03,2026-04-02 23:11:11.337398,
8130,210,Lemon,1,Per Cup,0.28,2026-04-02 23:11:11.337398,
8131,210,Simple Syrup,2,Per Oz,0.03,2026-04-02 23:11:11.337398,
8132,210,Sweetened Condensed Milk,0.5,Per Oz,0.14,2026-04-02 23:11:11.337398,
8133,210,Pineapple,0.5,Per Oz,0.29,2026-04-02 23:11:11.337398,
8134,210,Coconut,0.5,Per Oz,0.29,2026-04-02 23:11:11.337398,
8135,211,Straw,1,Per Cup,0.01,2026-04-02 23:11:11.337398,
8136,211,Cup & Lid,1,Per Cup,0.21,2026-04-02 23:11:11.337398,
8137,211,Sticker (Logo),1,Per Cup,0.05,2026-04-02 23:11:11.337398,
8138,211,Sticker Printer,1,Per Cup,0.01,2026-04-02 23:11:11.337398,
8139,211,Cup Labor,1,Per Cup,0.06,2026-04-02 23:11:11.337398,
8140,211,Ice,1,per lb,0.19,2026-04-02 23:11:11.337398,
8141,211,Water,2,per cup (8oz),0.03,2026-04-02 23:11:11.337398,
8142,211,Lime,1,Per Cup,0.22,2026-04-02 23:11:11.337398,
8143,211,Simple Syrup,1.5,Per Oz,0.03,2026-04-02 23:11:11.337398,
8144,211,Sweetened Condensed Milk,1,Per Oz,0.14,2026-04-02 23:11:11.337398,
8145,211,Peach,0.5,Per Oz,0.29,2026-04-02 23:11:11.337398,
8146,211,French Vanilla,0.25,Per Oz,0.29,2026-04-02 23:11:11.337398,
8147,212,Straw,1,Per Cup,0.01,2026-04-02 23:11:11.337398,
8148,212,Cup & Lid,1,Per Cup,0.21,2026-04-02 23:11:11.337398,
8149,212,Sticker (Logo),1,Per Cup,0.05,2026-04-02 23:11:11.337398,
8150,212,Sticker Printer,1,Per Cup,0.01,2026-04-02 23:11:11.337398,
8151,212,Cup Labor,1,Per Cup,0.06,2026-04-02 23:11:11.337398,
8152,212,Ice,1,per lb,0.19,2026-04-02 23:11:11.337398,
8153,212,Water,2,per cup (8oz),0.03,2026-04-02 23:11:11.337398,
8154,212,Lemon,1,Per Cup,0.28,2026-04-02 23:11:11.337398,
8155,212,Simple Syrup,1.5,Per Oz,0.03,2026-04-02 23:11:11.337398,
8156,212,Sweetened Condensed Milk,1,Per Oz,0.14,2026-04-02 23:11:11.337398,
8157,212,Peach,0.5,Per Oz,0.29,2026-04-02 23:11:11.337398,
8158,212,French Vanilla,0.25,Per Oz,0.29,2026-04-02 23:11:11.337398,
8159,213,Straw,1,Per Cup,0.01,2026-04-02 23:11:11.337398,
8160,213,Cup & Lid,1,Per Cup,0.21,2026-04-02 23:11:11.337398,
8161,213,Sticker (Logo),1,Per Cup,0.05,2026-04-02 23:11:11.337398,
8162,213,Sticker Printer,1,Per Cup,0.01,2026-04-02 23:11:11.337398,
8163,213,Cup Labor,1,Per Cup,0.06,2026-04-02 23:11:11.337398,
8164,213,Ice,1,per lb,0.19,2026-04-02 23:11:11.337398,
8165,213,Water,2,per cup (8oz),0.03,2026-04-02 23:11:11.337398,
8166,213,Lemon,1,Per Cup,0.28,2026-04-02 23:11:11.337398,
8167,213,Lime,1,Per Cup,0.22,2026-04-02 23:11:11.337398,
8168,213,Simple Syrup,1.5,Per Oz,0.03,2026-04-02 23:11:11.337398,
8169,213,Sweetened Condensed Milk,1,Per Oz,0.14,2026-04-02 23:11:11.337398,
8170,213,Peach,0.5,Per Oz,0.29,2026-04-02 23:11:11.337398,
8171,213,French Vanilla,0.25,Per Oz,0.29,2026-04-02 23:11:11.337398,
8172,214,Straw,1,Per Cup,0.01,2026-04-02 23:11:11.337398,
8173,214,Cup & Lid,1,Per Cup,0.21,2026-04-02 23:11:11.337398,
8174,214,Sticker (Logo),1,Per Cup,0.05,2026-04-02 23:11:11.337398,
8175,214,Sticker Printer,1,Per Cup,0.01,2026-04-02 23:11:11.337398,
8176,214,Cup Labor,1,Per Cup,0.06,2026-04-02 23:11:11.337398,
8177,214,Ice,1,per lb,0.19,2026-04-02 23:11:11.337398,
8178,214,Water,2,per cup (8oz),0.03,2026-04-02 23:11:11.337398,
8179,214,Lemon,1,Per Cup,0.28,2026-04-02 23:11:11.337398,
8180,214,Simple Syrup,2,Per Oz,0.03,2026-04-02 23:11:11.337398,
8181,214,Peach,0.75,Per Oz,0.29,2026-04-02 23:11:11.337398,
8182,215,Straw,1,Per Cup,0.01,2026-04-02 23:11:11.337398,
8183,215,Cup & Lid,1,Per Cup,0.21,2026-04-02 23:11:11.337398,
8184,215,Sticker (Logo),1,Per Cup,0.05,2026-04-02 23:11:11.337398,
8185,215,Sticker Printer,1,Per Cup,0.01,2026-04-02 23:11:11.337398,
8186,215,Cup Labor,1,Per Cup,0.06,2026-04-02 23:11:11.337398,
8187,215,Ice,1,per lb,0.19,2026-04-02 23:11:11.337398,
8188,215,Water,2,per cup (8oz),0.03,2026-04-02 23:11:11.337398,
8189,215,Lime,1,Per Cup,0.22,2026-04-02 23:11:11.337398,
8190,215,Simple Syrup,2,Per Oz,0.03,2026-04-02 23:11:11.337398,
8191,215,Peach,0.75,Per Oz,0.29,2026-04-02 23:11:11.337398,
8192,216,Straw,1,Per Cup,0.01,2026-04-02 23:11:11.337398,
8193,216,Cup & Lid,1,Per Cup,0.21,2026-04-02 23:11:11.337398,
8194,216,Sticker (Logo),1,Per Cup,0.05,2026-04-02 23:11:11.337398,
8195,216,Sticker Printer,1,Per Cup,0.01,2026-04-02 23:11:11.337398,
8196,216,Cup Labor,1,Per Cup,0.06,2026-04-02 23:11:11.337398,
8197,216,Ice,1,per lb,0.19,2026-04-02 23:11:11.337398,
9486,65,Lemon,1,Per Cup,0.28,2026-04-03 13:42:21.669548,
8198,216,Water,2,per cup (8oz),0.03,2026-04-02 23:11:11.337398,
8199,216,Lemon,1,Per Cup,0.28,2026-04-02 23:11:11.337398,
8200,216,Lime,1,Per Cup,0.22,2026-04-02 23:11:11.337398,
8201,216,Simple Syrup,2,Per Oz,0.03,2026-04-02 23:11:11.337398,
8202,216,Peach,0.75,Per Oz,0.29,2026-04-02 23:11:11.337398,
8203,217,Straw,1,Per Cup,0.01,2026-04-02 23:11:11.337398,
8204,217,Cup & Lid,1,Per Cup,0.21,2026-04-02 23:11:11.337398,
8205,217,Sticker (Logo),1,Per Cup,0.05,2026-04-02 23:11:11.337398,
8206,217,Sticker Printer,1,Per Cup,0.01,2026-04-02 23:11:11.337398,
8207,217,Cup Labor,1,Per Cup,0.06,2026-04-02 23:11:11.337398,
8208,217,Ice,1,per lb,0.19,2026-04-02 23:11:11.337398,
8209,217,Water,2,per cup (8oz),0.03,2026-04-02 23:11:11.337398,
8210,217,Lime,2,Per Cup,0.22,2026-04-02 23:11:11.337398,
8211,217,Simple Syrup,2,Per Oz,0.03,2026-04-02 23:11:11.337398,
8212,217,Sweetened Condensed Milk,2,Per Oz,0.14,2026-04-02 23:11:11.337398,
8213,217,Peach,0.25,Per oz,0.29,2026-04-02 23:11:11.337398,
8214,218,Straw,1,Per Cup,0.01,2026-04-02 23:11:11.337398,
8215,218,Cup & Lid,1,Per Cup,0.21,2026-04-02 23:11:11.337398,
8216,218,Sticker (Logo),1,Per Cup,0.05,2026-04-02 23:11:11.337398,
8217,218,Sticker Printer,1,Per Cup,0.01,2026-04-02 23:11:11.337398,
8218,218,Cup Labor,1,Per Cup,0.06,2026-04-02 23:11:11.337398,
8219,218,Ice,1,per lb,0.19,2026-04-02 23:11:11.337398,
8220,218,Water,2,per cup (8oz),0.03,2026-04-02 23:11:11.337398,
8221,218,Tea Concentrate,2,Per Cup,0.06,2026-04-02 23:11:11.337398,
8222,218,Lemon,1,Per Cup,0.28,2026-04-02 23:11:11.337398,
8223,218,Simple Syrup,2,Per Oz,0.03,2026-04-02 23:11:11.337398,
8224,218,Peach,0.75,Per Oz,0.29,2026-04-02 23:11:11.337398,
8225,219,Straw,1,Per Cup,0.01,2026-04-02 23:11:11.337398,
8226,219,Cup & Lid,1,Per Cup,0.21,2026-04-02 23:11:11.337398,
8227,219,Sticker (Logo),1,Per Cup,0.05,2026-04-02 23:11:11.337398,
8228,219,Sticker Printer,1,Per Cup,0.01,2026-04-02 23:11:11.337398,
8229,219,Cup Labor,1,Per Cup,0.06,2026-04-02 23:11:11.337398,
8230,219,Ice,1,per lb,0.19,2026-04-02 23:11:11.337398,
8231,219,Water,2,per cup (8oz),0.03,2026-04-02 23:11:11.337398,
8232,219,Lemon,1,Per Cup,0.28,2026-04-02 23:11:11.337398,
8233,219,Simple Syrup,1,Per Oz,0.03,2026-04-02 23:11:11.337398,
8234,219,Sweetened Condensed Milk,0.5,Per Oz,0.14,2026-04-02 23:11:11.337398,
8235,219,Strawberry,0.5,Per Oz,0.29,2026-04-02 23:11:11.337398,
8236,219,Pineapple,0.25,Per Oz,0.29,2026-04-02 23:11:11.337398,
8237,219,Coconut,0.25,Per Oz,0.29,2026-04-02 23:11:11.337398,
8238,220,Straw,1,Per Cup,0.01,2026-04-02 23:11:11.337398,
8239,220,Cup & Lid,1,Per Cup,0.21,2026-04-02 23:11:11.337398,
8240,220,Sticker (Logo),1,Per Cup,0.05,2026-04-02 23:11:11.337398,
8241,220,Sticker Printer,1,Per Cup,0.01,2026-04-02 23:11:11.337398,
8242,220,Cup Labor,1,Per Cup,0.06,2026-04-02 23:11:11.337398,
8243,220,Ice,1,per lb,0.19,2026-04-02 23:11:11.337398,
8244,220,Water,2,per cup (8oz),0.03,2026-04-02 23:11:11.337398,
8245,220,Lime,1,Per Cup,0.22,2026-04-02 23:11:11.337398,
8246,220,Simple Syrup,1.5,Per Oz,0.03,2026-04-02 23:11:11.337398,
8247,220,Sweetened Condensed Milk,1,Per Oz,0.14,2026-04-02 23:11:11.337398,
8248,220,Pineapple,0.5,Per Oz,0.29,2026-04-02 23:11:11.337398,
8249,220,French Vanilla,0.25,Per Oz,0.29,2026-04-02 23:11:11.337398,
8250,221,Straw,1,Per Cup,0.01,2026-04-02 23:11:11.337398,
8251,221,Cup & Lid,1,Per Cup,0.21,2026-04-02 23:11:11.337398,
8252,221,Sticker (Logo),1,Per Cup,0.05,2026-04-02 23:11:11.337398,
8253,221,Sticker Printer,1,Per Cup,0.01,2026-04-02 23:11:11.337398,
8254,221,Cup Labor,1,Per Cup,0.06,2026-04-02 23:11:11.337398,
8255,221,Ice,1,per lb,0.19,2026-04-02 23:11:11.337398,
8256,221,Water,2,per cup (8oz),0.03,2026-04-02 23:11:11.337398,
8257,221,Lemon,1,Per Cup,0.28,2026-04-02 23:11:11.337398,
8258,221,Simple Syrup,1.5,Per Oz,0.03,2026-04-02 23:11:11.337398,
8259,221,Sweetened Condensed Milk,1,Per Oz,0.14,2026-04-02 23:11:11.337398,
8260,221,Pineapple,0.5,Per Oz,0.29,2026-04-02 23:11:11.337398,
8261,221,French Vanilla,0.25,Per Oz,0.29,2026-04-02 23:11:11.337398,
8262,222,Straw,1,Per Cup,0.01,2026-04-02 23:11:11.337398,
8263,222,Cup & Lid,1,Per Cup,0.21,2026-04-02 23:11:11.337398,
8264,222,Sticker (Logo),1,Per Cup,0.05,2026-04-02 23:11:11.337398,
8265,222,Sticker Printer,1,Per Cup,0.01,2026-04-02 23:11:11.337398,
8266,222,Cup Labor,1,Per Cup,0.06,2026-04-02 23:11:11.337398,
8267,222,Ice,1,per lb,0.19,2026-04-02 23:11:11.337398,
8268,222,Water,2,per cup (8oz),0.03,2026-04-02 23:11:11.337398,
8269,222,Lemon,1,Per Cup,0.28,2026-04-02 23:11:11.337398,
8270,222,Lime,1,Per Cup,0.22,2026-04-02 23:11:11.337398,
8271,222,Simple Syrup,1.5,Per Oz,0.03,2026-04-02 23:11:11.337398,
8272,222,Sweetened Condensed Milk,1,Per Oz,0.14,2026-04-02 23:11:11.337398,
8273,222,Pineapple,0.5,Per Oz,0.29,2026-04-02 23:11:11.337398,
2878,224,Straw,1,Per Cup,0.01,2026-03-17 15:22:21.935663,
2879,224,Cup & Lid,1,Per Cup,0.21,2026-03-17 15:22:21.936024,
2880,224,Sticker (Logo),1,Per Cup,0.05,2026-03-17 15:22:21.936335,
2881,224,Sticker Printer,1,Per Cup,0.01,2026-03-17 15:22:21.936697,
2882,224,Sticker Menu,1,Per Cup,0.05,2026-03-17 15:22:21.937433,
2883,224,Cup Labor,1,Per Cup,0.06,2026-03-17 15:22:21.937848,
2884,224,Ice,1,per lb,0.19,2026-03-17 15:22:21.938176,
2885,224,Water,2,per cup (8oz),0.03,2026-03-17 15:22:21.938491,
2886,224,Lime,1,Per Cup,0.22,2026-03-17 15:22:21.938791,
2887,224,Simple Syrup,2,Per Oz,0.03,2026-03-17 15:22:21.939086,
2888,224,Pineapple,0.75,Per Oz,0.29,2026-03-17 15:22:21.93958,
2889,224,Ingredient Name,1,Unit Type,0,2026-03-17 15:22:21.94013,
8274,222,French Vanilla,0.25,Per Oz,0.29,2026-04-02 23:11:11.337398,
8275,223,Straw,1,Per Cup,0.01,2026-04-02 23:11:11.337398,
8276,223,Cup & Lid,1,Per Cup,0.21,2026-04-02 23:11:11.337398,
8277,223,Sticker (Logo),1,Per Cup,0.05,2026-04-02 23:11:11.337398,
8278,223,Sticker Printer,1,Per Cup,0.01,2026-04-02 23:11:11.337398,
8279,223,Cup Labor,1,Per Cup,0.06,2026-04-02 23:11:11.337398,
8280,223,Ice,1,per lb,0.19,2026-04-02 23:11:11.337398,
8281,223,Water,2,per cup (8oz),0.03,2026-04-02 23:11:11.337398,
8282,223,Lemon,1,Per Cup,0.28,2026-04-02 23:11:11.337398,
8283,223,Simple Syrup,2,Per Oz,0.03,2026-04-02 23:11:11.337398,
8284,223,Pineapple,0.75,Per Oz,0.29,2026-04-02 23:11:11.337398,
8285,271,Straw,1,Per Cup,0.01,2026-04-02 23:11:11.337398,
8286,271,Cup & Lid,1,Per Cup,0.21,2026-04-02 23:11:11.337398,
8287,271,Sticker (Logo),1,Per Cup,0.05,2026-04-02 23:11:11.337398,
8288,271,Sticker Printer,1,Per Cup,0.01,2026-04-02 23:11:11.337398,
8289,271,Cup Labor,1,Per Cup,0.06,2026-04-02 23:11:11.337398,
8290,271,Ice,1,per lb,0.19,2026-04-02 23:11:11.337398,
8291,271,Water,2,per cup (8oz),0.03,2026-04-02 23:11:11.337398,
8292,271,Lime,1,Per Cup,0.22,2026-04-02 23:11:11.337398,
8293,271,Simple Syrup,2,Per Oz,0.03,2026-04-02 23:11:11.337398,
8294,271,Pineapple,0.75,Per Oz,0.29,2026-04-02 23:11:11.337398,
8295,225,Straw,1,Per Cup,0.01,2026-04-02 23:11:11.337398,
8296,225,Cup & Lid,1,Per Cup,0.21,2026-04-02 23:11:11.337398,
8297,225,Sticker (Logo),1,Per Cup,0.05,2026-04-02 23:11:11.337398,
8298,225,Sticker Printer,1,Per Cup,0.01,2026-04-02 23:11:11.337398,
8299,225,Cup Labor,1,Per Cup,0.06,2026-04-02 23:11:11.337398,
8300,225,Ice,1,per lb,0.19,2026-04-02 23:11:11.337398,
8301,225,Water,2,per cup (8oz),0.03,2026-04-02 23:11:11.337398,
8302,225,Lemon,1,Per Cup,0.28,2026-04-02 23:11:11.337398,
8303,225,Lime,1,Per Cup,0.22,2026-04-02 23:11:11.337398,
8304,225,Simple Syrup,2,Per Oz,0.03,2026-04-02 23:11:11.337398,
8305,225,Pineapple,0.75,Per Oz,0.29,2026-04-02 23:11:11.337398,
8306,226,Straw,1,Per Cup,0.01,2026-04-02 23:11:11.337398,
8307,226,Cup & Lid,1,Per Cup,0.21,2026-04-02 23:11:11.337398,
8308,226,Sticker (Logo),1,Per Cup,0.05,2026-04-02 23:11:11.337398,
8309,226,Sticker Printer,1,Per Cup,0.01,2026-04-02 23:11:11.337398,
8310,226,Cup Labor,1,Per Cup,0.06,2026-04-02 23:11:11.337398,
8311,226,Ice,1,per lb,0.19,2026-04-02 23:11:11.337398,
8312,226,Water,2,per cup (8oz),0.03,2026-04-02 23:11:11.337398,
8313,226,Lime,2,Per Cup,0.22,2026-04-02 23:11:11.337398,
8314,226,Simple Syrup,2,Per Oz,0.03,2026-04-02 23:11:11.337398,
8315,226,Sweetened Condensed Milk,2,Per Oz,0.14,2026-04-02 23:11:11.337398,
8316,226,Pineapple,0.25,Per oz,0.29,2026-04-02 23:11:11.337398,
8317,227,Straw,1,Per Cup,0.01,2026-04-02 23:11:11.337398,
8318,227,Cup & Lid,1,Per Cup,0.21,2026-04-02 23:11:11.337398,
8319,227,Sticker (Logo),1,Per Cup,0.05,2026-04-02 23:11:11.337398,
8320,227,Sticker Printer,1,Per Cup,0.01,2026-04-02 23:11:11.337398,
8321,227,Cup Labor,1,Per Cup,0.06,2026-04-02 23:11:11.337398,
8322,227,Ice,1,per lb,0.19,2026-04-02 23:11:11.337398,
8323,227,Water,2,per cup (8oz),0.03,2026-04-02 23:11:11.337398,
8324,227,Tea Concentrate,2,Per Cup,0.06,2026-04-02 23:11:11.337398,
8325,227,Lemon,1,Per Cup,0.28,2026-04-02 23:11:11.337398,
8326,227,Simple Syrup,2,Per Oz,0.03,2026-04-02 23:11:11.337398,
8327,227,Pineapple,0.75,Per Oz,0.29,2026-04-02 23:11:11.337398,
8328,228,Straw,1,Per Cup,0.01,2026-04-02 23:11:11.337398,
8329,228,Cup & Lid,1,Per Cup,0.21,2026-04-02 23:11:11.337398,
8330,228,Sticker (Logo),1,Per Cup,0.05,2026-04-02 23:11:11.337398,
8331,228,Sticker Printer,1,Per Cup,0.01,2026-04-02 23:11:11.337398,
8332,228,Cup Labor,1,Per Cup,0.06,2026-04-02 23:11:11.337398,
8333,228,Ice,1,per lb,0.19,2026-04-02 23:11:11.337398,
8334,228,Water,2,per cup (8oz),0.03,2026-04-02 23:11:11.337398,
8335,228,Lemon,1,Per Cup,0.28,2026-04-02 23:11:11.337398,
8336,228,Simple Syrup,2,Per Oz,0.03,2026-04-02 23:11:11.337398,
8337,228,Sweetened Condensed Milk,0.5,Per Oz,0.14,2026-04-02 23:11:11.337398,
8338,228,Pineapple,0.25,Per Oz,0.29,2026-04-02 23:11:11.337398,
8339,228,Blue Raspberry,0.5,Per Oz,0.29,2026-04-02 23:11:11.337398,
8340,229,Straw,1,Per Cup,0.01,2026-04-02 23:11:11.337398,
8341,229,Cup & Lid,1,Per Cup,0.21,2026-04-02 23:11:11.337398,
8342,229,Sticker (Logo),1,Per Cup,0.05,2026-04-02 23:11:11.337398,
8343,229,Sticker Printer,1,Per Cup,0.01,2026-04-02 23:11:11.337398,
8344,229,Cup Labor,1,Per Cup,0.06,2026-04-02 23:11:11.337398,
8345,229,Ice,1,per lb,0.19,2026-04-02 23:11:11.337398,
8346,229,Water,2,per cup (8oz),0.03,2026-04-02 23:11:11.337398,
8347,229,Lime,1,Per Cup,0.22,2026-04-02 23:11:11.337398,
8348,229,Simple Syrup,1.5,Per Oz,0.03,2026-04-02 23:11:11.337398,
8349,229,Sweetened Condensed Milk,1,Per Oz,0.14,2026-04-02 23:11:11.337398,
8350,229,Raspberry,0.5,Per Oz,0.29,2026-04-02 23:11:11.337398,
8351,229,French Vanilla,0.25,Per Oz,0.29,2026-04-02 23:11:11.337398,
8352,230,Straw,1,Per Cup,0.01,2026-04-02 23:11:11.337398,
8353,230,Cup & Lid,1,Per Cup,0.21,2026-04-02 23:11:11.337398,
8354,230,Sticker (Logo),1,Per Cup,0.05,2026-04-02 23:11:11.337398,
8355,230,Sticker Printer,1,Per Cup,0.01,2026-04-02 23:11:11.337398,
8356,230,Cup Labor,1,Per Cup,0.06,2026-04-02 23:11:11.337398,
8357,230,Ice,1,per lb,0.19,2026-04-02 23:11:11.337398,
8358,230,Water,2,per cup (8oz),0.03,2026-04-02 23:11:11.337398,
8359,230,Lemon,1,Per Cup,0.28,2026-04-02 23:11:11.337398,
8360,230,Simple Syrup,1.5,Per Oz,0.03,2026-04-02 23:11:11.337398,
8361,230,Sweetened Condensed Milk,1,Per Oz,0.14,2026-04-02 23:11:11.337398,
8362,230,Raspberry,0.5,Per Oz,0.29,2026-04-02 23:11:11.337398,
8363,230,French Vanilla,0.25,Per Oz,0.29,2026-04-02 23:11:11.337398,
8364,231,Straw,1,Per Cup,0.01,2026-04-02 23:11:11.337398,
8365,231,Cup & Lid,1,Per Cup,0.21,2026-04-02 23:11:11.337398,
8366,231,Sticker (Logo),1,Per Cup,0.05,2026-04-02 23:11:11.337398,
8367,231,Sticker Printer,1,Per Cup,0.01,2026-04-02 23:11:11.337398,
8368,231,Cup Labor,1,Per Cup,0.06,2026-04-02 23:11:11.337398,
8369,231,Ice,1,per lb,0.19,2026-04-02 23:11:11.337398,
8370,231,Water,2,per cup (8oz),0.03,2026-04-02 23:11:11.337398,
8371,231,Lemon,1,Per Cup,0.28,2026-04-02 23:11:11.337398,
8372,231,Lime,1,Per Cup,0.22,2026-04-02 23:11:11.337398,
8373,231,Simple Syrup,1.5,Per Oz,0.03,2026-04-02 23:11:11.337398,
8374,231,Sweetened Condensed Milk,1,Per Oz,0.14,2026-04-02 23:11:11.337398,
8375,231,Raspberry,0.5,Per Oz,0.29,2026-04-02 23:11:11.337398,
8376,231,French Vanilla,0.25,Per Oz,0.29,2026-04-02 23:11:11.337398,
8377,232,Straw,1,Per Cup,0.01,2026-04-02 23:11:11.337398,
8378,232,Cup & Lid,1,Per Cup,0.21,2026-04-02 23:11:11.337398,
8379,232,Sticker (Logo),1,Per Cup,0.05,2026-04-02 23:11:11.337398,
8380,232,Sticker Printer,1,Per Cup,0.01,2026-04-02 23:11:11.337398,
8381,232,Cup Labor,1,Per Cup,0.06,2026-04-02 23:11:11.337398,
8382,232,Ice,1,per lb,0.19,2026-04-02 23:11:11.337398,
8383,232,Water,2,per cup (8oz),0.03,2026-04-02 23:11:11.337398,
8384,232,Lemon,1,Per Cup,0.28,2026-04-02 23:11:11.337398,
8385,232,Simple Syrup,2,Per Oz,0.03,2026-04-02 23:11:11.337398,
8386,232,Raspberry,0.75,Per Oz,0.29,2026-04-02 23:11:11.337398,
8387,233,Straw,1,Per Cup,0.01,2026-04-02 23:11:11.337398,
8388,233,Cup & Lid,1,Per Cup,0.21,2026-04-02 23:11:11.337398,
8389,233,Sticker (Logo),1,Per Cup,0.05,2026-04-02 23:11:11.337398,
8390,233,Sticker Printer,1,Per Cup,0.01,2026-04-02 23:11:11.337398,
8391,233,Cup Labor,1,Per Cup,0.06,2026-04-02 23:11:11.337398,
8392,233,Ice,1,per lb,0.19,2026-04-02 23:11:11.337398,
8393,233,Water,2,per cup (8oz),0.03,2026-04-02 23:11:11.337398,
8394,233,Lime,1,Per Cup,0.22,2026-04-02 23:11:11.337398,
8395,233,Simple Syrup,2,Per Oz,0.03,2026-04-02 23:11:11.337398,
8396,233,Raspberry,0.75,Per Oz,0.29,2026-04-02 23:11:11.337398,
8397,234,Straw,1,Per Cup,0.01,2026-04-02 23:11:11.337398,
8398,234,Cup & Lid,1,Per Cup,0.21,2026-04-02 23:11:11.337398,
8399,234,Sticker (Logo),1,Per Cup,0.05,2026-04-02 23:11:11.337398,
8400,234,Sticker Printer,1,Per Cup,0.01,2026-04-02 23:11:11.337398,
8401,234,Cup Labor,1,Per Cup,0.06,2026-04-02 23:11:11.337398,
8402,234,Ice,1,per lb,0.19,2026-04-02 23:11:11.337398,
8403,234,Water,2,per cup (8oz),0.03,2026-04-02 23:11:11.337398,
8404,234,Lemon,1,Per Cup,0.28,2026-04-02 23:11:11.337398,
8405,234,Lime,1,Per Cup,0.22,2026-04-02 23:11:11.337398,
8406,234,Simple Syrup,2,Per Oz,0.03,2026-04-02 23:11:11.337398,
8407,234,Raspberry,0.75,Per Oz,0.29,2026-04-02 23:11:11.337398,
8408,235,Straw,1,Per Cup,0.01,2026-04-02 23:11:11.337398,
8409,235,Cup & Lid,1,Per Cup,0.21,2026-04-02 23:11:11.337398,
8410,235,Sticker (Logo),1,Per Cup,0.05,2026-04-02 23:11:11.337398,
8411,235,Sticker Printer,1,Per Cup,0.01,2026-04-02 23:11:11.337398,
8412,235,Cup Labor,1,Per Cup,0.06,2026-04-02 23:11:11.337398,
8413,235,Ice,1,per lb,0.19,2026-04-02 23:11:11.337398,
8414,235,Water,2,per cup (8oz),0.03,2026-04-02 23:11:11.337398,
8415,235,Lime,2,Per Cup,0.22,2026-04-02 23:11:11.337398,
8416,235,Simple Syrup,2,Per Oz,0.03,2026-04-02 23:11:11.337398,
8417,235,Sweetened Condensed Milk,2,Per Oz,0.14,2026-04-02 23:11:11.337398,
8418,235,Raspberry,0.25,Per oz,0.29,2026-04-02 23:11:11.337398,
8419,236,Straw,1,Per Cup,0.01,2026-04-02 23:11:11.337398,
8420,236,Cup & Lid,1,Per Cup,0.21,2026-04-02 23:11:11.337398,
8421,236,Sticker (Logo),1,Per Cup,0.05,2026-04-02 23:11:11.337398,
8422,236,Sticker Printer,1,Per Cup,0.01,2026-04-02 23:11:11.337398,
8423,236,Cup Labor,1,Per Cup,0.06,2026-04-02 23:11:11.337398,
8424,236,Ice,1,per lb,0.19,2026-04-02 23:11:11.337398,
8425,236,Water,2,per cup (8oz),0.03,2026-04-02 23:11:11.337398,
8426,236,Tea Concentrate,2,Per Cup,0.06,2026-04-02 23:11:11.337398,
8427,236,Lemon,1,Per Cup,0.28,2026-04-02 23:11:11.337398,
8428,236,Simple Syrup,2,Per Oz,0.03,2026-04-02 23:11:11.337398,
8429,236,Raspberry,0.75,Per Oz,0.29,2026-04-02 23:11:11.337398,
8430,237,Straw,1,Per Cup,0.01,2026-04-02 23:11:11.337398,
8431,237,Cup & Lid,1,Per Cup,0.21,2026-04-02 23:11:11.337398,
8432,237,Sticker (Logo),1,Per Cup,0.05,2026-04-02 23:11:11.337398,
8433,237,Sticker Printer,1,Per Cup,0.01,2026-04-02 23:11:11.337398,
8434,237,Cup Labor,1,Per Cup,0.06,2026-04-02 23:11:11.337398,
8435,237,Ice,1,per lb,0.19,2026-04-02 23:11:11.337398,
8436,237,Water,2,per cup (8oz),0.03,2026-04-02 23:11:11.337398,
8437,237,Lime,1,Per Cup,0.22,2026-04-02 23:11:11.337398,
8438,237,Simple Syrup,1.5,Per Oz,0.03,2026-04-02 23:11:11.337398,
8439,237,Sweetened Condensed Milk,1,Per Oz,0.14,2026-04-02 23:11:11.337398,
8440,237,Strawberry,0.5,Per Oz,0.29,2026-04-02 23:11:11.337398,
8441,237,French Vanilla,0.25,Per Oz,0.29,2026-04-02 23:11:11.337398,
8442,238,Straw,1,Per Cup,0.01,2026-04-02 23:11:11.337398,
8443,238,Cup & Lid,1,Per Cup,0.21,2026-04-02 23:11:11.337398,
8444,238,Sticker (Logo),1,Per Cup,0.05,2026-04-02 23:11:11.337398,
8445,238,Sticker Printer,1,Per Cup,0.01,2026-04-02 23:11:11.337398,
8446,238,Cup Labor,1,Per Cup,0.06,2026-04-02 23:11:11.337398,
8447,238,Ice,1,per lb,0.19,2026-04-02 23:11:11.337398,
8448,238,Water,2,per cup (8oz),0.03,2026-04-02 23:11:11.337398,
8449,238,Lemon,1,Per Cup,0.28,2026-04-02 23:11:11.337398,
8450,238,Simple Syrup,1.5,Per Oz,0.03,2026-04-02 23:11:11.337398,
8451,238,Sweetened Condensed Milk,1,Per Oz,0.14,2026-04-02 23:11:11.337398,
8452,238,Strawberry,0.5,Per Oz,0.29,2026-04-02 23:11:11.337398,
8453,238,French Vanilla,0.25,Per Oz,0.29,2026-04-02 23:11:11.337398,
8454,239,Straw,1,Per Cup,0.01,2026-04-02 23:11:11.337398,
8455,239,Cup & Lid,1,Per Cup,0.21,2026-04-02 23:11:11.337398,
8456,239,Sticker (Logo),1,Per Cup,0.05,2026-04-02 23:11:11.337398,
8457,239,Sticker Printer,1,Per Cup,0.01,2026-04-02 23:11:11.337398,
8458,239,Cup Labor,1,Per Cup,0.06,2026-04-02 23:11:11.337398,
8459,239,Ice,1,per lb,0.19,2026-04-02 23:11:11.337398,
8460,239,Water,2,per cup (8oz),0.03,2026-04-02 23:11:11.337398,
8461,239,Lemon,1,Per Cup,0.28,2026-04-02 23:11:11.337398,
8462,239,Lime,1,Per Cup,0.22,2026-04-02 23:11:11.337398,
8463,239,Simple Syrup,1.5,Per Oz,0.03,2026-04-02 23:11:11.337398,
8464,239,Sweetened Condensed Milk,1,Per Oz,0.14,2026-04-02 23:11:11.337398,
8465,239,Strawberry,0.5,Per Oz,0.29,2026-04-02 23:11:11.337398,
8466,239,French Vanilla,0.25,Per Oz,0.29,2026-04-02 23:11:11.337398,
8467,240,Straw,1,Per Cup,0.01,2026-04-02 23:11:11.337398,
8468,240,Cup & Lid,1,Per Cup,0.21,2026-04-02 23:11:11.337398,
8469,240,Sticker (Logo),1,Per Cup,0.05,2026-04-02 23:11:11.337398,
8470,240,Sticker Printer,1,Per Cup,0.01,2026-04-02 23:11:11.337398,
8471,240,Cup Labor,1,Per Cup,0.06,2026-04-02 23:11:11.337398,
8472,240,Ice,1,per lb,0.19,2026-04-02 23:11:11.337398,
8473,240,Water,2,per cup (8oz),0.03,2026-04-02 23:11:11.337398,
8474,240,Lemon,1,Per Cup,0.28,2026-04-02 23:11:11.337398,
8475,240,Simple Syrup,2,Per Oz,0.03,2026-04-02 23:11:11.337398,
8476,240,Strawberry,0.75,Per Oz,0.29,2026-04-02 23:11:11.337398,
8477,241,Straw,1,Per Cup,0.01,2026-04-02 23:11:11.337398,
8478,241,Cup & Lid,1,Per Cup,0.21,2026-04-02 23:11:11.337398,
8479,241,Sticker (Logo),1,Per Cup,0.05,2026-04-02 23:11:11.337398,
8480,241,Sticker Printer,1,Per Cup,0.01,2026-04-02 23:11:11.337398,
8481,241,Cup Labor,1,Per Cup,0.06,2026-04-02 23:11:11.337398,
8482,241,Ice,1,per lb,0.19,2026-04-02 23:11:11.337398,
8483,241,Water,2,per cup (8oz),0.03,2026-04-02 23:11:11.337398,
8484,241,Lime,1,Per Cup,0.22,2026-04-02 23:11:11.337398,
8485,241,Simple Syrup,2,Per Oz,0.03,2026-04-02 23:11:11.337398,
8486,241,Strawberry,0.75,Per Oz,0.29,2026-04-02 23:11:11.337398,
8487,242,Straw,1,Per Cup,0.01,2026-04-02 23:11:11.337398,
8488,242,Cup & Lid,1,Per Cup,0.21,2026-04-02 23:11:11.337398,
8489,242,Sticker (Logo),1,Per Cup,0.05,2026-04-02 23:11:11.337398,
8490,242,Sticker Printer,1,Per Cup,0.01,2026-04-02 23:11:11.337398,
8491,242,Cup Labor,1,Per Cup,0.06,2026-04-02 23:11:11.337398,
8492,242,Ice,1,per lb,0.19,2026-04-02 23:11:11.337398,
8493,242,Water,2,per cup (8oz),0.03,2026-04-02 23:11:11.337398,
8494,242,Lemon,1,Per Cup,0.28,2026-04-02 23:11:11.337398,
8495,242,Lime,1,Per Cup,0.22,2026-04-02 23:11:11.337398,
8496,242,Simple Syrup,2,Per Oz,0.03,2026-04-02 23:11:11.337398,
8497,242,Strawberry,0.75,Per Oz,0.29,2026-04-02 23:11:11.337398,
8498,243,Straw,1,Per Cup,0.01,2026-04-02 23:11:11.337398,
8499,243,Cup & Lid,1,Per Cup,0.21,2026-04-02 23:11:11.337398,
8500,243,Sticker (Logo),1,Per Cup,0.05,2026-04-02 23:11:11.337398,
8501,243,Sticker Printer,1,Per Cup,0.01,2026-04-02 23:11:11.337398,
8502,243,Cup Labor,1,Per Cup,0.06,2026-04-02 23:11:11.337398,
8503,243,Ice,1,per lb,0.19,2026-04-02 23:11:11.337398,
8504,243,Water,2,per cup (8oz),0.03,2026-04-02 23:11:11.337398,
8505,243,Lime,2,Per Cup,0.22,2026-04-02 23:11:11.337398,
8506,243,Simple Syrup,2,Per Oz,0.03,2026-04-02 23:11:11.337398,
8507,243,Sweetened Condensed Milk,2,Per Oz,0.14,2026-04-02 23:11:11.337398,
8508,243,Strawberry,0.25,Per oz,0.29,2026-04-02 23:11:11.337398,
8509,244,Straw,1,Per Cup,0.01,2026-04-02 23:11:11.337398,
8510,244,Cup & Lid,1,Per Cup,0.21,2026-04-02 23:11:11.337398,
8511,244,Sticker (Logo),1,Per Cup,0.05,2026-04-02 23:11:11.337398,
8512,244,Sticker Printer,1,Per Cup,0.01,2026-04-02 23:11:11.337398,
8513,244,Cup Labor,1,Per Cup,0.06,2026-04-02 23:11:11.337398,
8514,244,Ice,1,per lb,0.19,2026-04-02 23:11:11.337398,
8515,244,Water,2,per cup (8oz),0.03,2026-04-02 23:11:11.337398,
8516,244,Tea Concentrate,2,Per Cup,0.06,2026-04-02 23:11:11.337398,
8517,244,Lemon,1,Per Cup,0.28,2026-04-02 23:11:11.337398,
8518,244,Simple Syrup,2,Per Oz,0.03,2026-04-02 23:11:11.337398,
8519,244,Strawberry,0.75,Per Oz,0.29,2026-04-02 23:11:11.337398,
8520,245,Straw,1,Per Cup,0.01,2026-04-02 23:11:11.337398,
8521,245,Cup & Lid,1,Per Cup,0.21,2026-04-02 23:11:11.337398,
8522,245,Sticker (Logo),1,Per Cup,0.05,2026-04-02 23:11:11.337398,
8523,245,Sticker Printer,1,Per Cup,0.01,2026-04-02 23:11:11.337398,
8524,245,Cup Labor,1,Per Cup,0.06,2026-04-02 23:11:11.337398,
8525,245,Ice,1,per lb,0.19,2026-04-02 23:11:11.337398,
8526,245,Water,2,per cup (8oz),0.03,2026-04-02 23:11:11.337398,
8527,245,Lime,1,Per Cup,0.22,2026-04-02 23:11:11.337398,
8528,245,Simple Syrup,1.5,Per Oz,0.03,2026-04-02 23:11:11.337398,
8529,245,Sweetened Condensed Milk,1,Per Oz,0.14,2026-04-02 23:11:11.337398,
8530,245,Watermelon,0.5,Per Oz,0.29,2026-04-02 23:11:11.337398,
8531,245,French Vanilla,0.25,Per Oz,0.29,2026-04-02 23:11:11.337398,
8532,246,Straw,1,Per Cup,0.01,2026-04-02 23:11:11.337398,
8533,246,Cup & Lid,1,Per Cup,0.21,2026-04-02 23:11:11.337398,
8534,246,Sticker (Logo),1,Per Cup,0.05,2026-04-02 23:11:11.337398,
8535,246,Sticker Printer,1,Per Cup,0.01,2026-04-02 23:11:11.337398,
8536,246,Cup Labor,1,Per Cup,0.06,2026-04-02 23:11:11.337398,
8537,246,Ice,1,per lb,0.19,2026-04-02 23:11:11.337398,
8538,246,Water,2,per cup (8oz),0.03,2026-04-02 23:11:11.337398,
8539,246,Lemon,1,Per Cup,0.28,2026-04-02 23:11:11.337398,
8540,246,Simple Syrup,1.5,Per Oz,0.03,2026-04-02 23:11:11.337398,
8541,246,Sweetened Condensed Milk,1,Per Oz,0.14,2026-04-02 23:11:11.337398,
8542,246,Watermelon,0.5,Per Oz,0.29,2026-04-02 23:11:11.337398,
8543,246,French Vanilla,0.25,Per Oz,0.29,2026-04-02 23:11:11.337398,
8544,247,Straw,1,Per Cup,0.01,2026-04-02 23:11:11.337398,
8545,247,Cup & Lid,1,Per Cup,0.21,2026-04-02 23:11:11.337398,
8546,247,Sticker (Logo),1,Per Cup,0.05,2026-04-02 23:11:11.337398,
8547,247,Sticker Printer,1,Per Cup,0.01,2026-04-02 23:11:11.337398,
8548,247,Cup Labor,1,Per Cup,0.06,2026-04-02 23:11:11.337398,
8549,247,Ice,1,per lb,0.19,2026-04-02 23:11:11.337398,
8550,247,Water,2,per cup (8oz),0.03,2026-04-02 23:11:11.337398,
8551,247,Lemon,1,Per Cup,0.28,2026-04-02 23:11:11.337398,
8552,247,Lime,1,Per Cup,0.22,2026-04-02 23:11:11.337398,
8553,247,Simple Syrup,1.5,Per Oz,0.03,2026-04-02 23:11:11.337398,
8554,247,Sweetened Condensed Milk,1,Per Oz,0.14,2026-04-02 23:11:11.337398,
8555,247,Watermelon,0.5,Per Oz,0.29,2026-04-02 23:11:11.337398,
8556,247,French Vanilla,0.25,Per Oz,0.29,2026-04-02 23:11:11.337398,
8557,248,Straw,1,Per Cup,0.01,2026-04-02 23:11:11.337398,
8558,248,Cup & Lid,1,Per Cup,0.21,2026-04-02 23:11:11.337398,
8559,248,Sticker (Logo),1,Per Cup,0.05,2026-04-02 23:11:11.337398,
8560,248,Sticker Printer,1,Per Cup,0.01,2026-04-02 23:11:11.337398,
8561,248,Cup Labor,1,Per Cup,0.06,2026-04-02 23:11:11.337398,
8562,248,Ice,1,per lb,0.19,2026-04-02 23:11:11.337398,
8563,248,Water,2,per cup (8oz),0.03,2026-04-02 23:11:11.337398,
8564,248,Lemon,1,Per Cup,0.28,2026-04-02 23:11:11.337398,
8565,248,Simple Syrup,2,Per Oz,0.03,2026-04-02 23:11:11.337398,
8566,248,Watermelon,0.75,Per Oz,0.29,2026-04-02 23:11:11.337398,
8567,272,Straw,1,Per Cup,0.01,2026-04-02 23:11:11.337398,
8568,272,Cup & Lid,1,Per Cup,0.21,2026-04-02 23:11:11.337398,
8569,272,Sticker (Logo),1,Per Cup,0.05,2026-04-02 23:11:11.337398,
8570,272,Sticker Printer,1,Per Cup,0.01,2026-04-02 23:11:11.337398,
8571,272,Cup Labor,1,Per Cup,0.06,2026-04-02 23:11:11.337398,
8572,272,Ice,1,per lb,0.19,2026-04-02 23:11:11.337398,
8573,272,Water,2,per cup (8oz),0.03,2026-04-02 23:11:11.337398,
8574,272,Lime,1,Per Cup,0.22,2026-04-02 23:11:11.337398,
8575,272,Simple Syrup,2,Per Oz,0.03,2026-04-02 23:11:11.337398,
8576,272,Watermelon,0.75,Per Oz,0.29,2026-04-02 23:11:11.337398,
8577,250,Straw,1,Per Cup,0.01,2026-04-02 23:11:11.337398,
8578,250,Cup & Lid,1,Per Cup,0.21,2026-04-02 23:11:11.337398,
8579,250,Sticker (Logo),1,Per Cup,0.05,2026-04-02 23:11:11.337398,
8580,250,Sticker Printer,1,Per Cup,0.01,2026-04-02 23:11:11.337398,
8581,250,Cup Labor,1,Per Cup,0.06,2026-04-02 23:11:11.337398,
8582,250,Ice,1,per lb,0.19,2026-04-02 23:11:11.337398,
8583,250,Water,2,per cup (8oz),0.03,2026-04-02 23:11:11.337398,
8584,250,Lemon,1,Per Cup,0.28,2026-04-02 23:11:11.337398,
8585,250,Lime,1,Per Cup,0.22,2026-04-02 23:11:11.337398,
8586,250,Simple Syrup,2,Per Oz,0.03,2026-04-02 23:11:11.337398,
8587,250,Watermelon,0.75,Per Oz,0.29,2026-04-02 23:11:11.337398,
8588,251,Straw,1,Per Cup,0.01,2026-04-02 23:11:11.337398,
8589,251,Cup & Lid,1,Per Cup,0.21,2026-04-02 23:11:11.337398,
8590,251,Sticker (Logo),1,Per Cup,0.05,2026-04-02 23:11:11.337398,
8591,251,Sticker Printer,1,Per Cup,0.01,2026-04-02 23:11:11.337398,
8592,251,Cup Labor,1,Per Cup,0.06,2026-04-02 23:11:11.337398,
8593,251,Ice,1,per lb,0.19,2026-04-02 23:11:11.337398,
8594,251,Water,2,per cup (8oz),0.03,2026-04-02 23:11:11.337398,
8595,251,Lime,2,Per Cup,0.22,2026-04-02 23:11:11.337398,
8596,251,Simple Syrup,2,Per Oz,0.03,2026-04-02 23:11:11.337398,
8597,251,Sweetened Condensed Milk,2,Per Oz,0.14,2026-04-02 23:11:11.337398,
3210,249,Straw,1,Per Cup,0.01,2026-03-17 15:22:22.063875,
3211,249,Cup & Lid,1,Per Cup,0.21,2026-03-17 15:22:22.064174,
3212,249,Sticker (Logo),1,Per Cup,0.05,2026-03-17 15:22:22.06448,
3213,249,Sticker Printer,1,Per Cup,0.01,2026-03-17 15:22:22.064775,
3214,249,Sticker Menu,1,Per Cup,0.05,2026-03-17 15:22:22.065072,
3215,249,Cup Labor,1,Per Cup,0.06,2026-03-17 15:22:22.065368,
3216,249,Ice,1,per lb,0.19,2026-03-17 15:22:22.065674,
3217,249,Water,2,per cup (8oz),0.03,2026-03-17 15:22:22.065971,
3218,249,Lime,1,Per Cup,0.22,2026-03-17 15:22:22.066266,
3219,249,Simple Syrup,2,Per Oz,0.03,2026-03-17 15:22:22.066554,
3220,249,Watermelon,0.75,Per Oz,0.29,2026-03-17 15:22:22.06685,
3221,249,Ingredient Name,1,Unit Type,0,2026-03-17 15:22:22.067148,
8598,251,Watermelon,0.25,Per oz,0.29,2026-04-02 23:11:11.337398,
8599,252,Straw,1,Per Cup,0.01,2026-04-02 23:11:11.337398,
8600,252,Cup & Lid,1,Per Cup,0.21,2026-04-02 23:11:11.337398,
8601,252,Sticker (Logo),1,Per Cup,0.05,2026-04-02 23:11:11.337398,
8602,252,Sticker Printer,1,Per Cup,0.01,2026-04-02 23:11:11.337398,
8603,252,Cup Labor,1,Per Cup,0.06,2026-04-02 23:11:11.337398,
8604,252,Ice,1,per lb,0.19,2026-04-02 23:11:11.337398,
8605,252,Water,2,per cup (8oz),0.03,2026-04-02 23:11:11.337398,
8606,252,Tea Concentrate,2,Per Cup,0.06,2026-04-02 23:11:11.337398,
8607,252,Lemon,1,Per Cup,0.28,2026-04-02 23:11:11.337398,
8608,252,Simple Syrup,2,Per Oz,0.03,2026-04-02 23:11:11.337398,
8609,252,Watermelon,0.75,Per Oz,0.29,2026-04-02 23:11:11.337398,
8610,253,Straw,1,Per Cup,0.01,2026-04-02 23:11:11.337398,
9487,65,Lime,1,Per Cup,0.22,2026-04-03 13:42:21.669548,
8611,253,Cup & Lid,1,Per Cup,0.21,2026-04-02 23:11:11.337398,
8612,253,Sticker (Logo),1,Per Cup,0.05,2026-04-02 23:11:11.337398,
8613,253,Sticker Printer,1,Per Cup,0.01,2026-04-02 23:11:11.337398,
8614,253,Cup Labor,1,Per Cup,0.06,2026-04-02 23:11:11.337398,
8615,253,Ice,1,per lb,0.19,2026-04-02 23:11:11.337398,
8616,253,Water,2,per cup (8oz),0.03,2026-04-02 23:11:11.337398,
8617,253,Lime,1,Per Cup,0.22,2026-04-02 23:11:11.337398,
8618,253,Simple Syrup,1.5,Per Oz,0.03,2026-04-02 23:11:11.337398,
8619,253,Sweetened Condensed Milk,1,Per Oz,0.14,2026-04-02 23:11:11.337398,
8620,253,French Vanilla,0.75,Per Oz,0.29,2026-04-02 23:11:11.337398,
8621,254,Straw,1,Per Cup,0.01,2026-04-02 23:11:11.337398,
8622,254,Cup & Lid,1,Per Cup,0.21,2026-04-02 23:11:11.337398,
8623,254,Sticker (Logo),1,Per Cup,0.05,2026-04-02 23:11:11.337398,
8624,254,Sticker Printer,1,Per Cup,0.01,2026-04-02 23:11:11.337398,
8625,254,Cup Labor,1,Per Cup,0.06,2026-04-02 23:11:11.337398,
8626,254,Ice,1,per lb,0.19,2026-04-02 23:11:11.337398,
8627,254,Water,2,per cup (8oz),0.03,2026-04-02 23:11:11.337398,
8628,254,Lemon,1,Per Cup,0.28,2026-04-02 23:11:11.337398,
8629,254,Simple Syrup,1.5,Per Oz,0.03,2026-04-02 23:11:11.337398,
8630,254,Sweetened Condensed Milk,1,Per Oz,0.14,2026-04-02 23:11:11.337398,
8631,254,French Vanilla,0.75,Per Oz,0.29,2026-04-02 23:11:11.337398,
8632,255,Straw,1,Per Cup,0.01,2026-04-02 23:11:11.337398,
8633,255,Cup & Lid,1,Per Cup,0.21,2026-04-02 23:11:11.337398,
8634,255,Sticker (Logo),1,Per Cup,0.05,2026-04-02 23:11:11.337398,
8635,255,Sticker Printer,1,Per Cup,0.01,2026-04-02 23:11:11.337398,
8636,255,Cup Labor,1,Per Cup,0.06,2026-04-02 23:11:11.337398,
8637,255,Ice,1,per lb,0.19,2026-04-02 23:11:11.337398,
8638,255,Water,2,per cup (8oz),0.03,2026-04-02 23:11:11.337398,
8639,255,Lemon,1,Per Cup,0.28,2026-04-02 23:11:11.337398,
8640,255,Lime,1,Per Cup,0.22,2026-04-02 23:11:11.337398,
8641,255,Simple Syrup,1.5,Per Oz,0.03,2026-04-02 23:11:11.337398,
8642,255,Sweetened Condensed Milk,1,Per Oz,0.14,2026-04-02 23:11:11.337398,
8643,255,French Vanilla,0.75,Per Oz,0.29,2026-04-02 23:11:11.337398,
8644,256,Straw,1,Per Cup,0.01,2026-04-02 23:11:11.337398,
8645,256,Cup & Lid,1,Per Cup,0.21,2026-04-02 23:11:11.337398,
8646,256,Sticker (Logo),1,Per Cup,0.05,2026-04-02 23:11:11.337398,
8647,256,Sticker Printer,1,Per Cup,0.01,2026-04-02 23:11:11.337398,
8648,256,Cup Labor,1,Per Cup,0.06,2026-04-02 23:11:11.337398,
8649,256,Ice,1,per lb,0.19,2026-04-02 23:11:11.337398,
8650,256,Water,2,per cup (8oz),0.03,2026-04-02 23:11:11.337398,
8651,256,Lemon,1,Per Cup,0.28,2026-04-02 23:11:11.337398,
8652,256,Simple Syrup,2,Per Oz,0.03,2026-04-02 23:11:11.337398,
8653,256,French Vanilla,0.75,Per Oz,0.29,2026-04-02 23:11:11.337398,
8654,257,Straw,1,Per Cup,0.01,2026-04-02 23:11:11.337398,
8655,257,Cup & Lid,1,Per Cup,0.21,2026-04-02 23:11:11.337398,
8656,257,Sticker (Logo),1,Per Cup,0.05,2026-04-02 23:11:11.337398,
8657,257,Sticker Printer,1,Per Cup,0.01,2026-04-02 23:11:11.337398,
8658,257,Cup Labor,1,Per Cup,0.06,2026-04-02 23:11:11.337398,
8659,257,Ice,1,per lb,0.19,2026-04-02 23:11:11.337398,
8660,257,Water,2,per cup (8oz),0.03,2026-04-02 23:11:11.337398,
8661,257,Lime,1,Per Cup,0.22,2026-04-02 23:11:11.337398,
8662,257,Simple Syrup,2,Per Oz,0.03,2026-04-02 23:11:11.337398,
8663,257,French Vanilla,0.75,Per Oz,0.29,2026-04-02 23:11:11.337398,
8664,258,Straw,1,Per Cup,0.01,2026-04-02 23:11:11.337398,
8665,258,Cup & Lid,1,Per Cup,0.21,2026-04-02 23:11:11.337398,
8666,258,Sticker (Logo),1,Per Cup,0.05,2026-04-02 23:11:11.337398,
8667,258,Sticker Printer,1,Per Cup,0.01,2026-04-02 23:11:11.337398,
8668,258,Cup Labor,1,Per Cup,0.06,2026-04-02 23:11:11.337398,
8669,258,Ice,1,per lb,0.19,2026-04-02 23:11:11.337398,
8670,258,Water,2,per cup (8oz),0.03,2026-04-02 23:11:11.337398,
8671,258,Lemon,1,Per Cup,0.28,2026-04-02 23:11:11.337398,
8672,258,Lime,1,Per Cup,0.22,2026-04-02 23:11:11.337398,
8673,258,Simple Syrup,2,Per Oz,0.03,2026-04-02 23:11:11.337398,
8674,258,French Vanilla,0.75,Per Oz,0.29,2026-04-02 23:11:11.337398,
8675,259,Straw,1,Per Cup,0.01,2026-04-02 23:11:11.337398,
8676,259,Cup & Lid,1,Per Cup,0.21,2026-04-02 23:11:11.337398,
8677,259,Sticker (Logo),1,Per Cup,0.05,2026-04-02 23:11:11.337398,
8678,259,Sticker Printer,1,Per Cup,0.01,2026-04-02 23:11:11.337398,
8679,259,Cup Labor,1,Per Cup,0.06,2026-04-02 23:11:11.337398,
8680,259,Ice,1,per lb,0.19,2026-04-02 23:11:11.337398,
8681,259,Water,2,per cup (8oz),0.03,2026-04-02 23:11:11.337398,
8682,259,Lime,2,Per Cup,0.22,2026-04-02 23:11:11.337398,
8683,259,Simple Syrup,2,Per Oz,0.03,2026-04-02 23:11:11.337398,
8684,259,Sweetened Condensed Milk,2,Per Oz,0.14,2026-04-02 23:11:11.337398,
8685,259,French Vanilla,0.25,Per oz,0.29,2026-04-02 23:11:11.337398,
8686,260,Straw,1,Per Cup,0.01,2026-04-02 23:11:11.337398,
8687,260,Cup & Lid,1,Per Cup,0.21,2026-04-02 23:11:11.337398,
8688,260,Sticker (Logo),1,Per Cup,0.05,2026-04-02 23:11:11.337398,
8689,260,Sticker Printer,1,Per Cup,0.01,2026-04-02 23:11:11.337398,
8690,260,Cup Labor,1,Per Cup,0.06,2026-04-02 23:11:11.337398,
8691,260,Ice,1,per lb,0.19,2026-04-02 23:11:11.337398,
8692,260,Water,2,per cup (8oz),0.03,2026-04-02 23:11:11.337398,
8693,260,Tea Concentrate,2,Per Cup,0.06,2026-04-02 23:11:11.337398,
8694,260,Lemon,1,Per Cup,0.28,2026-04-02 23:11:11.337398,
8695,260,Simple Syrup,2,Per Oz,0.03,2026-04-02 23:11:11.337398,
8696,260,French Vanilla,0.75,Per Oz,0.29,2026-04-02 23:11:11.337398,
8697,261,Straw,1,Per Cup,0.01,2026-04-02 23:11:11.337398,
8698,261,Cup & Lid,1,Per Cup,0.21,2026-04-02 23:11:11.337398,
8699,261,Sticker (Logo),1,Per Cup,0.05,2026-04-02 23:11:11.337398,
8700,261,Sticker Printer,1,Per Cup,0.01,2026-04-02 23:11:11.337398,
8701,261,Cup Labor,1,Per Cup,0.06,2026-04-02 23:11:11.337398,
8702,261,Ice,1,per lb,0.19,2026-04-02 23:11:11.337398,
8703,261,Water,2,per cup (8oz),0.03,2026-04-02 23:11:11.337398,
8704,261,Lime,1,Per Cup,0.22,2026-04-02 23:11:11.337398,
8705,261,Simple Syrup,1.5,Per Oz,0.03,2026-04-02 23:11:11.337398,
8706,261,Sweetened Condensed Milk,1,Per Oz,0.14,2026-04-02 23:11:11.337398,
8707,261,Cherry,0.5,Per Oz,0.29,2026-04-02 23:11:11.337398,
8708,261,French Vanilla,0.25,Per Oz,0.29,2026-04-02 23:11:11.337398,
8709,262,Straw,1,Per Cup,0.01,2026-04-02 23:11:11.337398,
8710,262,Cup & Lid,1,Per Cup,0.21,2026-04-02 23:11:11.337398,
8711,262,Sticker (Logo),1,Per Cup,0.05,2026-04-02 23:11:11.337398,
8712,262,Sticker Printer,1,Per Cup,0.01,2026-04-02 23:11:11.337398,
8713,262,Cup Labor,1,Per Cup,0.06,2026-04-02 23:11:11.337398,
8714,262,Ice,1,per lb,0.19,2026-04-02 23:11:11.337398,
8715,262,Water,2,per cup (8oz),0.03,2026-04-02 23:11:11.337398,
8716,262,Lemon,1,Per Cup,0.28,2026-04-02 23:11:11.337398,
8717,262,Simple Syrup,1.5,Per Oz,0.03,2026-04-02 23:11:11.337398,
8718,262,Sweetened Condensed Milk,1,Per Oz,0.14,2026-04-02 23:11:11.337398,
8719,262,Cherry,0.5,Per Oz,0.29,2026-04-02 23:11:11.337398,
8720,262,French Vanilla,0.25,Per Oz,0.29,2026-04-02 23:11:11.337398,
8721,263,Straw,1,Per Cup,0.01,2026-04-02 23:11:11.337398,
8722,263,Cup & Lid,1,Per Cup,0.21,2026-04-02 23:11:11.337398,
8723,263,Sticker (Logo),1,Per Cup,0.05,2026-04-02 23:11:11.337398,
8724,263,Sticker Printer,1,Per Cup,0.01,2026-04-02 23:11:11.337398,
8725,263,Cup Labor,1,Per Cup,0.06,2026-04-02 23:11:11.337398,
8726,263,Ice,1,per lb,0.19,2026-04-02 23:11:11.337398,
8727,263,Water,2,per cup (8oz),0.03,2026-04-02 23:11:11.337398,
8728,263,Lemon,1,Per Cup,0.28,2026-04-02 23:11:11.337398,
8729,263,Lime,1,Per Cup,0.22,2026-04-02 23:11:11.337398,
8730,263,Simple Syrup,1.5,Per Oz,0.03,2026-04-02 23:11:11.337398,
8731,263,Sweetened Condensed Milk,1,Per Oz,0.14,2026-04-02 23:11:11.337398,
8732,263,Cherry,0.5,Per Oz,0.29,2026-04-02 23:11:11.337398,
8733,263,French Vanilla,0.25,Per Oz,0.29,2026-04-02 23:11:11.337398,
8734,264,Straw,1,Per Cup,0.01,2026-04-02 23:11:11.337398,
8735,264,Cup & Lid,1,Per Cup,0.21,2026-04-02 23:11:11.337398,
8736,264,Sticker (Logo),1,Per Cup,0.05,2026-04-02 23:11:11.337398,
8737,264,Sticker Printer,1,Per Cup,0.01,2026-04-02 23:11:11.337398,
8738,264,Cup Labor,1,Per Cup,0.06,2026-04-02 23:11:11.337398,
8739,264,Ice,1,per lb,0.19,2026-04-02 23:11:11.337398,
8740,264,Water,2,per cup (8oz),0.03,2026-04-02 23:11:11.337398,
8741,264,Lemon,1,Per Cup,0.28,2026-04-02 23:11:11.337398,
8742,264,Simple Syrup,2,Per Oz,0.03,2026-04-02 23:11:11.337398,
8743,264,Cherry,0.75,Per Oz,0.29,2026-04-02 23:11:11.337398,
8744,265,Straw,1,Per Cup,0.01,2026-04-02 23:11:11.337398,
8745,265,Cup & Lid,1,Per Cup,0.21,2026-04-02 23:11:11.337398,
8746,265,Sticker (Logo),1,Per Cup,0.05,2026-04-02 23:11:11.337398,
8747,265,Sticker Printer,1,Per Cup,0.01,2026-04-02 23:11:11.337398,
8748,265,Cup Labor,1,Per Cup,0.06,2026-04-02 23:11:11.337398,
8749,265,Ice,1,per lb,0.19,2026-04-02 23:11:11.337398,
8750,265,Water,2,per cup (8oz),0.03,2026-04-02 23:11:11.337398,
8751,265,Lime,1,Per Cup,0.22,2026-04-02 23:11:11.337398,
8752,265,Simple Syrup,2,Per Oz,0.03,2026-04-02 23:11:11.337398,
8753,265,Cherry,1,Per Oz,0.29,2026-04-02 23:11:11.337398,
8754,266,Straw,1,Per Cup,0.01,2026-04-02 23:11:11.337398,
8755,266,Cup & Lid,1,Per Cup,0.21,2026-04-02 23:11:11.337398,
8756,266,Sticker (Logo),1,Per Cup,0.05,2026-04-02 23:11:11.337398,
8757,266,Sticker Printer,1,Per Cup,0.01,2026-04-02 23:11:11.337398,
8758,266,Cup Labor,1,Per Cup,0.06,2026-04-02 23:11:11.337398,
8759,266,Ice,1,per lb,0.19,2026-04-02 23:11:11.337398,
8760,266,Water,2,per cup (8oz),0.03,2026-04-02 23:11:11.337398,
8761,266,Lemon,1,Per Cup,0.28,2026-04-02 23:11:11.337398,
8762,266,Lime,1,Per Cup,0.22,2026-04-02 23:11:11.337398,
8763,266,Simple Syrup,2,Per Oz,0.03,2026-04-02 23:11:11.337398,
8764,266,Cherry,0.75,Per Oz,0.29,2026-04-02 23:11:11.337398,
8765,267,Straw,1,Per Cup,0.01,2026-04-02 23:11:11.337398,
8766,267,Cup & Lid,1,Per Cup,0.21,2026-04-02 23:11:11.337398,
8767,267,Sticker (Logo),1,Per Cup,0.05,2026-04-02 23:11:11.337398,
8768,267,Sticker Printer,1,Per Cup,0.01,2026-04-02 23:11:11.337398,
8769,267,Cup Labor,1,Per Cup,0.06,2026-04-02 23:11:11.337398,
8770,267,Ice,1,per lb,0.19,2026-04-02 23:11:11.337398,
8771,267,Water,2,per cup (8oz),0.03,2026-04-02 23:11:11.337398,
8772,267,Lime,2,Per Cup,0.22,2026-04-02 23:11:11.337398,
8773,267,Simple Syrup,2,Per Oz,0.03,2026-04-02 23:11:11.337398,
8774,267,Sweetened Condensed Milk,2,Per Oz,0.14,2026-04-02 23:11:11.337398,
8775,267,Cherry,0.25,Per oz,0.29,2026-04-02 23:11:11.337398,
8776,268,Straw,1,Per Cup,0.01,2026-04-02 23:11:11.337398,
8777,268,Cup & Lid,1,Per Cup,0.21,2026-04-02 23:11:11.337398,
8778,268,Sticker (Logo),1,Per Cup,0.05,2026-04-02 23:11:11.337398,
8779,268,Sticker Printer,1,Per Cup,0.01,2026-04-02 23:11:11.337398,
8780,268,Cup Labor,1,Per Cup,0.06,2026-04-02 23:11:11.337398,
8781,268,Ice,1,per lb,0.19,2026-04-02 23:11:11.337398,
8782,268,Water,2,per cup (8oz),0.03,2026-04-02 23:11:11.337398,
8783,268,Tea Concentrate,2,Per Cup,0.06,2026-04-02 23:11:11.337398,
8784,268,Lemon,1,Per Cup,0.28,2026-04-02 23:11:11.337398,
8785,268,Simple Syrup,2,Per Oz,0.03,2026-04-02 23:11:11.337398,
8786,268,Cherry,0.75,Per Oz,0.29,2026-04-02 23:11:11.337398,
9005,22,Sticker Printer,1,Per Cup,0.01,2026-04-03 13:42:21.669548,
9006,22,Cup Labor,1,Per Cup,0.06,2026-04-03 13:42:21.669548,
9007,22,Ice,1,per lb,0.19,2026-04-03 13:42:21.669548,
9008,22,Water,2,per cup (8oz),0.03,2026-04-03 13:42:21.669548,
9009,22,Tea Concentrate,2,Per Cup,0.06,2026-04-03 13:42:21.669548,
9010,22,Lemon,1,Per Cup,0.28,2026-04-03 13:42:21.669548,
9011,22,Sugar Free Simple Syrup,4,Per Oz,0.13,2026-04-03 13:42:21.669548,
9012,22,Sugar Free Coconut,1,Per Oz,0.29,2026-04-03 13:42:21.669548,
9025,24,Straw,1,Per Cup,0.01,2026-04-03 13:42:21.669548,
9026,24,Cup & Lid,1,Per Cup,0.21,2026-04-03 13:42:21.669548,
9027,24,Sticker (Logo),1,Per Cup,0.05,2026-04-03 13:42:21.669548,
9028,24,Sticker Printer,1,Per Cup,0.01,2026-04-03 13:42:21.669548,
9029,24,Cup Labor,1,Per Cup,0.06,2026-04-03 13:42:21.669548,
9030,24,Ice,1,per lb,0.19,2026-04-03 13:42:21.669548,
9031,24,Water,2,per cup (8oz),0.03,2026-04-03 13:42:21.669548,
9032,24,Lime,1,Per Cup,0.22,2026-04-03 13:42:21.669548,
9033,24,Simple Syrup,2,Per Oz,0.03,2026-04-03 13:42:21.669548,
9034,24,Sweetened Condensed Milk,1,Per Oz,0.14,2026-04-03 13:42:21.669548,
9035,24,Blue Raspberry,0.5,Per Oz,0.29,2026-04-03 13:42:21.669548,
9036,24,French Vanilla,0.25,Per Oz,0.29,2026-04-03 13:42:21.669548,
9037,25,Straw,1,Per Cup,0.01,2026-04-03 13:42:21.669548,
9038,25,Cup & Lid,1,Per Cup,0.21,2026-04-03 13:42:21.669548,
9039,25,Sticker (Logo),1,Per Cup,0.05,2026-04-03 13:42:21.669548,
9040,25,Sticker Printer,1,Per Cup,0.01,2026-04-03 13:42:21.669548,
9041,25,Cup Labor,1,Per Cup,0.06,2026-04-03 13:42:21.669548,
9042,25,Ice,1,per lb,0.19,2026-04-03 13:42:21.669548,
9043,25,Water,2,per cup (8oz),0.03,2026-04-03 13:42:21.669548,
9044,25,Lemon,1,Per Cup,0.28,2026-04-03 13:42:21.669548,
9045,25,Simple Syrup,1.5,Per Oz,0.03,2026-04-03 13:42:21.669548,
9046,25,Sweetened Condensed Milk,1,Per Oz,0.14,2026-04-03 13:42:21.669548,
9047,25,Blue Raspberry,0.5,Per Oz,0.29,2026-04-03 13:42:21.669548,
9048,25,French Vanilla,0.25,Per Oz,0.29,2026-04-03 13:42:21.669548,
9049,26,Straw,1,Per Cup,0.01,2026-04-03 13:42:21.669548,
9050,26,Cup & Lid,1,Per Cup,0.21,2026-04-03 13:42:21.669548,
9051,26,Sticker (Logo),1,Per Cup,0.05,2026-04-03 13:42:21.669548,
9052,26,Sticker Printer,1,Per Cup,0.01,2026-04-03 13:42:21.669548,
9053,26,Cup Labor,1,Per Cup,0.06,2026-04-03 13:42:21.669548,
9054,26,Ice,1,per lb,0.19,2026-04-03 13:42:21.669548,
9055,26,Water,2,per cup (8oz),0.03,2026-04-03 13:42:21.669548,
9056,26,Lemon,1,Per Cup,0.28,2026-04-03 13:42:21.669548,
9057,26,Lime,1,Per Cup,0.22,2026-04-03 13:42:21.669548,
9058,26,Simple Syrup,1.5,Per Oz,0.03,2026-04-03 13:42:21.669548,
9059,26,Sweetened Condensed Milk,1,Per Oz,0.14,2026-04-03 13:42:21.669548,
9060,26,Blue Raspberry,0.5,Per Oz,0.14,2026-04-03 13:42:21.669548,
9061,26,French Vanilla,0.25,Per Oz,0.29,2026-04-03 13:42:21.669548,
9062,27,Straw,1,Per Cup,0.01,2026-04-03 13:42:21.669548,
9063,27,Cup & Lid,1,Per Cup,0.21,2026-04-03 13:42:21.669548,
9064,27,Sticker (Logo),1,Per Cup,0.05,2026-04-03 13:42:21.669548,
9065,27,Sticker Printer,1,Per Cup,0.01,2026-04-03 13:42:21.669548,
9066,27,Cup Labor,1,Per Cup,0.06,2026-04-03 13:42:21.669548,
9067,27,Ice,1,per lb,0.19,2026-04-03 13:42:21.669548,
9068,27,Water,2,per cup (8oz),0.03,2026-04-03 13:42:21.669548,
9069,27,Lemon,1,Per Cup,0.28,2026-04-03 13:42:21.669548,
9070,27,Simple Syrup,2,Per Oz,0.03,2026-04-03 13:42:21.669548,
9071,27,Candied Orange,0.75,Per Oz,0.29,2026-04-03 13:42:21.669548,
9072,28,Straw,1,Per Cup,0.01,2026-04-03 13:42:21.669548,
9073,28,Cup & Lid,1,Per Cup,0.21,2026-04-03 13:42:21.669548,
9074,28,Sticker (Logo),1,Per Cup,0.05,2026-04-03 13:42:21.669548,
9075,28,Sticker Printer,1,Per Cup,0.01,2026-04-03 13:42:21.669548,
9076,28,Cup Labor,1,Per Cup,0.06,2026-04-03 13:42:21.669548,
9077,28,Ice,1,per lb,0.19,2026-04-03 13:42:21.669548,
9078,28,Water,2,per cup (8oz),0.03,2026-04-03 13:42:21.669548,
9079,28,Lemon,1,Per Cup,0.28,2026-04-03 13:42:21.669548,
9080,28,Sugar Free Simple Syrup,4,Per Oz,0.13,2026-04-03 13:42:21.669548,
9081,28,Sugar Free Peach,1,Per Oz,0.29,2026-04-03 13:42:21.669548,
9082,29,Straw,1,Per Cup,0.01,2026-04-03 13:42:21.669548,
9083,29,Cup & Lid,1,Per Cup,0.21,2026-04-03 13:42:21.669548,
9084,29,Sticker (Logo),1,Per Cup,0.05,2026-04-03 13:42:21.669548,
9085,29,Sticker Printer,1,Per Cup,0.01,2026-04-03 13:42:21.669548,
9086,29,Cup Labor,1,Per Cup,0.06,2026-04-03 13:42:21.669548,
9087,29,Ice,1,per lb,0.19,2026-04-03 13:42:21.669548,
9088,29,Water,2,per cup (8oz),0.03,2026-04-03 13:42:21.669548,
9089,29,Lime,1,Per Cup,0.22,2026-04-03 13:42:21.669548,
9090,29,Simple Syrup,2,Per Oz,0.03,2026-04-03 13:42:21.669548,
9091,29,Candied Orange,0.75,Per Oz,0.29,2026-04-03 13:42:21.669548,
9092,30,Straw,1,Per Cup,0.01,2026-04-03 13:42:21.669548,
9093,30,Cup & Lid,1,Per Cup,0.21,2026-04-03 13:42:21.669548,
9094,30,Sticker (Logo),1,Per Cup,0.05,2026-04-03 13:42:21.669548,
9095,30,Sticker Printer,1,Per Cup,0.01,2026-04-03 13:42:21.669548,
9096,30,Cup Labor,1,Per Cup,0.06,2026-04-03 13:42:21.669548,
9097,30,Ice,1,per lb,0.19,2026-04-03 13:42:21.669548,
9098,30,Water,2,per cup (8oz),0.03,2026-04-03 13:42:21.669548,
9099,30,Lime,1,Per Cup,0.22,2026-04-03 13:42:21.669548,
9100,30,Sugar Fee Simple Syrup,4,Per Oz,0.13,2026-04-03 13:42:21.669548,
9101,30,Sugar Free Peach,1,Per Oz,0.29,2026-04-03 13:42:21.669548,
9102,31,Straw,1,Per Cup,0.01,2026-04-03 13:42:21.669548,
9103,31,Cup & Lid,1,Per Cup,0.21,2026-04-03 13:42:21.669548,
9104,31,Sticker (Logo),1,Per Cup,0.05,2026-04-03 13:42:21.669548,
9105,31,Sticker Printer,1,Per Cup,0.01,2026-04-03 13:42:21.669548,
9106,31,Cup Labor,1,Per Cup,0.06,2026-04-03 13:42:21.669548,
9107,31,Ice,1,per lb,0.19,2026-04-03 13:42:21.669548,
9108,31,Water,2,per cup (8oz),0.03,2026-04-03 13:42:21.669548,
9109,31,Lemon,1,Per Cup,0.28,2026-04-03 13:42:21.669548,
9110,31,Lime,1,Per Cup,0.22,2026-04-03 13:42:21.669548,
9111,31,Simple Syrup,2,Per Oz,0.03,2026-04-03 13:42:21.669548,
9112,31,Candied Orange,0.75,Per Oz,0.29,2026-04-03 13:42:21.669548,
9113,32,Straw,1,Per Cup,0.01,2026-04-03 13:42:21.669548,
9114,32,Cup & Lid,1,Per Cup,0.21,2026-04-03 13:42:21.669548,
9115,32,Sticker (Logo),1,Per Cup,0.05,2026-04-03 13:42:21.669548,
9116,32,Sticker Printer,1,Per Cup,0.01,2026-04-03 13:42:21.669548,
9117,32,Cup Labor,1,Per Cup,0.06,2026-04-03 13:42:21.669548,
9118,32,Ice,1,per lb,0.19,2026-04-03 13:42:21.669548,
9119,32,Water,2,per cup (8oz),0.03,2026-04-03 13:42:21.669548,
9120,32,Lemon,1,Per Cup,0.28,2026-04-03 13:42:21.669548,
9121,32,Lime,1,Per Cup,0.22,2026-04-03 13:42:21.669548,
9122,32,Sugar Free Simple Syrup,4,Per Oz,0.13,2026-04-03 13:42:21.669548,
9123,32,Sugar Free Peach,1,Per Oz,0.29,2026-04-03 13:42:21.669548,
9124,33,Straw,1,Per Cup,0.01,2026-04-03 13:42:21.669548,
9125,33,Cup & Lid,1,Per Cup,0.21,2026-04-03 13:42:21.669548,
9126,33,Sticker (Logo),1,Per Cup,0.05,2026-04-03 13:42:21.669548,
9127,33,Sticker Printer,1,Per Cup,0.01,2026-04-03 13:42:21.669548,
9128,33,Cup Labor,1,Per Cup,0.06,2026-04-03 13:42:21.669548,
9129,33,Ice,1,per lb,0.19,2026-04-03 13:42:21.669548,
9130,33,Water,2,per cup (8oz),0.03,2026-04-03 13:42:21.669548,
9131,33,Lime,2,Per Cup,0.22,2026-04-03 13:42:21.669548,
9132,33,Simple Syrup,2,Per Oz,0.03,2026-04-03 13:42:21.669548,
9133,33,Sweetened Condensed Milk,2,Per Oz,0.14,2026-04-03 13:42:21.669548,
9134,33,Candied Orange,0.25,Per oz,0.29,2026-04-03 13:42:21.669548,
9135,34,Straw,1,Per Cup,0.01,2026-04-03 13:42:21.669548,
9136,34,Cup & Lid,1,Per Cup,0.21,2026-04-03 13:42:21.669548,
9137,34,Sticker (Logo),1,Per Cup,0.05,2026-04-03 13:42:21.669548,
9138,34,Sticker Printer,1,Per Cup,0.01,2026-04-03 13:42:21.669548,
9139,34,Cup Labor,1,Per Cup,0.06,2026-04-03 13:42:21.669548,
9140,34,Ice,1,per lb,0.19,2026-04-03 13:42:21.669548,
9141,34,Water,2,per cup (8oz),0.03,2026-04-03 13:42:21.669548,
9142,34,Tea Concentrate,2,Per Cup,0.06,2026-04-03 13:42:21.669548,
9143,34,Lemon,1,Per Cup,0.28,2026-04-03 13:42:21.669548,
9144,34,Simple Syrup,2,Per Oz,0.03,2026-04-03 13:42:21.669548,
9145,34,Candied Orange,0.75,Per Oz,0.29,2026-04-03 13:42:21.669548,
9146,35,Straw,1,Per Cup,0.01,2026-04-03 13:42:21.669548,
9147,35,Cup & Lid,1,Per Cup,0.21,2026-04-03 13:42:21.669548,
9148,35,Sticker (Logo),1,Per Cup,0.05,2026-04-03 13:42:21.669548,
9149,35,Sticker Printer,1,Per Cup,0.01,2026-04-03 13:42:21.669548,
9150,35,Cup Labor,1,Per Cup,0.06,2026-04-03 13:42:21.669548,
9151,35,Ice,1,per lb,0.19,2026-04-03 13:42:21.669548,
9152,35,Water,2,per cup (8oz),0.03,2026-04-03 13:42:21.669548,
9153,35,Tea Concentrate,2,Per Cup,0.06,2026-04-03 13:42:21.669548,
9154,35,Lemon,1,Per Cup,0.28,2026-04-03 13:42:21.669548,
9155,35,Sugar Free Simple Syrup,4,Per Oz,0.13,2026-04-03 13:42:21.669548,
9156,35,Sugar Free Peach,1,Per Oz,0.29,2026-04-03 13:42:21.669548,
9158,36,Cup & Lid,1,Per Cup,0.21,2026-04-03 13:42:21.669548,
9159,36,Sticker (Logo),1,Per Cup,0.05,2026-04-03 13:42:21.669548,
9160,36,Sticker Printer,1,Per Cup,0.01,2026-04-03 13:42:21.669548,
9161,36,Cup Labor,1,Per Cup,0.06,2026-04-03 13:42:21.669548,
9162,36,Ice,1,per lb,0.19,2026-04-03 13:42:21.669548,
9163,36,Water,2,per cup (8oz),0.03,2026-04-03 13:42:21.669548,
9164,36,Lemon,1,Per Cup,0.28,2026-04-03 13:42:21.669548,
9165,36,Sugar Free Simple Syrup,3,Per Oz,0.13,2026-04-03 13:42:21.669548,
9166,36,Sugar Free Strawberry,0.375,Per Oz,0.29,2026-04-03 13:42:21.669548,
9167,36,Sugar Free Peach,0.25,Per Oz,0.29,2026-04-03 13:42:21.669548,
9168,36,Sugar Free Coconut,0.375,Per Oz,0.29,2026-04-03 13:42:21.669548,
9169,37,Straw,1,Per Cup,0.01,2026-04-03 13:42:21.669548,
9170,37,Cup & Lid,1,Per Cup,0.21,2026-04-03 13:42:21.669548,
9171,37,Sticker (Logo),1,Per Cup,0.05,2026-04-03 13:42:21.669548,
9172,37,Sticker Printer,1,Per Cup,0.01,2026-04-03 13:42:21.669548,
9173,37,Cup Labor,1,Per Cup,0.06,2026-04-03 13:42:21.669548,
9174,37,Ice,1,per lb,0.19,2026-04-03 13:42:21.669548,
9175,37,Water,2,per cup (8oz),0.03,2026-04-03 13:42:21.669548,
9176,37,Lime,1,Per Cup,0.22,2026-04-03 13:42:21.669548,
9177,37,Simple Syrup,1.5,Per Oz,0.03,2026-04-03 13:42:21.669548,
9178,37,Sweetened Condensed Milk,1,Per Oz,0.14,2026-04-03 13:42:21.669548,
9179,37,Coconut,0.5,Per Oz,0.29,2026-04-03 13:42:21.669548,
9180,37,French Vanilla,0.25,Per Oz,0.29,2026-04-03 13:42:21.669548,
9181,38,Straw,1,Per Cup,0.01,2026-04-03 13:42:21.669548,
9182,38,Cup & Lid,1,Per Cup,0.21,2026-04-03 13:42:21.669548,
9183,38,Sticker (Logo),1,Per Cup,0.05,2026-04-03 13:42:21.669548,
9184,38,Sticker Printer,1,Per Cup,0.01,2026-04-03 13:42:21.669548,
9185,38,Cup Labor,1,Per Cup,0.06,2026-04-03 13:42:21.669548,
9186,38,Ice,1,per lb,0.19,2026-04-03 13:42:21.669548,
9187,38,Water,2,per cup (8oz),0.03,2026-04-03 13:42:21.669548,
9188,38,Lemon,1,Per Cup,0.28,2026-04-03 13:42:21.669548,
9189,38,Simple Syrup,1.5,Per Oz,0.03,2026-04-03 13:42:21.669548,
9190,38,Sweetened Condensed Milk,1,Per Oz,0.14,2026-04-03 13:42:21.669548,
9191,38,Coconut,0.5,Per Oz,0.29,2026-04-03 13:42:21.669548,
9192,38,French Vanilla,0.25,Per Oz,0.29,2026-04-03 13:42:21.669548,
9193,39,Straw,1,Per Cup,0.01,2026-04-03 13:42:21.669548,
9194,39,Cup & Lid,1,Per Cup,0.21,2026-04-03 13:42:21.669548,
9195,39,Sticker (Logo),1,Per Cup,0.05,2026-04-03 13:42:21.669548,
9196,39,Sticker Printer,1,Per Cup,0.01,2026-04-03 13:42:21.669548,
9197,39,Cup Labor,1,Per Cup,0.06,2026-04-03 13:42:21.669548,
9198,39,Ice,1,per lb,0.19,2026-04-03 13:42:21.669548,
9199,39,Water,2,per cup (8oz),0.03,2026-04-03 13:42:21.669548,
9200,39,Lemon,1,Per Cup,0.28,2026-04-03 13:42:21.669548,
9201,39,Lime,1,Per Cup,0.22,2026-04-03 13:42:21.669548,
9202,39,Simple Syrup,1.5,Per Oz,0.03,2026-04-03 13:42:21.669548,
9203,39,Sweetened Condensed Milk,1,Per Oz,0.14,2026-04-03 13:42:21.669548,
9204,39,Coconut,0.5,Per Oz,0.29,2026-04-03 13:42:21.669548,
9205,39,French Vanilla,0.25,Per Oz,0.29,2026-04-03 13:42:21.669548,
9206,40,Straw,1,Per Cup,0.01,2026-04-03 13:42:21.669548,
9207,40,Cup & Lid,1,Per Cup,0.21,2026-04-03 13:42:21.669548,
9208,40,Sticker (Logo),1,Per Cup,0.05,2026-04-03 13:42:21.669548,
9209,40,Sticker Printer,1,Per Cup,0.01,2026-04-03 13:42:21.669548,
9210,40,Cup Labor,1,Per Cup,0.06,2026-04-03 13:42:21.669548,
9211,40,Ice,1,per lb,0.19,2026-04-03 13:42:21.669548,
9212,40,Water,2,per cup (8oz),0.03,2026-04-03 13:42:21.669548,
9213,40,Lemon,1,Per Cup,0.28,2026-04-03 13:42:21.669548,
9214,40,Simple Syrup,2,Per Oz,0.03,2026-04-03 13:42:21.669548,
9215,40,Coconut,0.75,Per Oz,0.29,2026-04-03 13:42:21.669548,
9216,41,Straw,1,Per Cup,0.01,2026-04-03 13:42:21.669548,
9217,41,Cup & Lid,1,Per Cup,0.21,2026-04-03 13:42:21.669548,
9218,41,Sticker (Logo),1,Per Cup,0.05,2026-04-03 13:42:21.669548,
9219,41,Sticker Printer,1,Per Cup,0.01,2026-04-03 13:42:21.669548,
9220,41,Cup Labor,1,Per Cup,0.06,2026-04-03 13:42:21.669548,
9221,41,Ice,1,per lb,0.19,2026-04-03 13:42:21.669548,
9222,41,Water,2,per cup (8oz),0.03,2026-04-03 13:42:21.669548,
9223,41,Lemon,1,Per Cup,0.28,2026-04-03 13:42:21.669548,
9224,41,Sugar Free Simple Syrup,4,Per Oz,0.13,2026-04-03 13:42:21.669548,
9225,41,Sugar Free Raspberry,1,Per Oz,0.29,2026-04-03 13:42:21.669548,
9226,42,Straw,1,Per Cup,0.01,2026-04-03 13:42:21.669548,
9227,42,Cup & Lid,1,Per Cup,0.21,2026-04-03 13:42:21.669548,
9228,42,Sticker (Logo),1,Per Cup,0.05,2026-04-03 13:42:21.669548,
9229,42,Sticker Printer,1,Per Cup,0.01,2026-04-03 13:42:21.669548,
9230,42,Cup Labor,1,Per Cup,0.06,2026-04-03 13:42:21.669548,
9231,42,Ice,1,per lb,0.19,2026-04-03 13:42:21.669548,
9232,42,Water,2,per cup (8oz),0.03,2026-04-03 13:42:21.669548,
9233,42,Lime,1,Per Cup,0.22,2026-04-03 13:42:21.669548,
9234,42,Simple Syrup,2,Per Oz,0.03,2026-04-03 13:42:21.669548,
9235,42,Coconut,0.75,Per Oz,0.29,2026-04-03 13:42:21.669548,
9236,43,Straw,1,Per Cup,0.01,2026-04-03 13:42:21.669548,
9237,43,Cup & Lid,1,Per Cup,0.21,2026-04-03 13:42:21.669548,
9238,43,Sticker (Logo),1,Per Cup,0.05,2026-04-03 13:42:21.669548,
9239,43,Sticker Printer,1,Per Cup,0.01,2026-04-03 13:42:21.669548,
9240,43,Cup Labor,1,Per Cup,0.06,2026-04-03 13:42:21.669548,
9241,43,Ice,1,per lb,0.19,2026-04-03 13:42:21.669548,
9242,43,Water,2,per cup (8oz),0.03,2026-04-03 13:42:21.669548,
9243,43,Lime,1,Per Cup,0.22,2026-04-03 13:42:21.669548,
9244,43,Sugar Fee Simple Syrup,4,Per Oz,0.13,2026-04-03 13:42:21.669548,
9245,43,Sugar Free Raspberry,1,Per Oz,0.29,2026-04-03 13:42:21.669548,
9246,44,Straw,1,Per Cup,0.01,2026-04-03 13:42:21.669548,
9247,44,Cup & Lid,1,Per Cup,0.21,2026-04-03 13:42:21.669548,
9248,44,Sticker (Logo),1,Per Cup,0.05,2026-04-03 13:42:21.669548,
9249,44,Sticker Printer,1,Per Cup,0.01,2026-04-03 13:42:21.669548,
9250,44,Cup Labor,1,Per Cup,0.06,2026-04-03 13:42:21.669548,
9251,44,Ice,1,per lb,0.19,2026-04-03 13:42:21.669548,
9252,44,Water,2,per cup (8oz),0.03,2026-04-03 13:42:21.669548,
9253,44,Lemon,1,Per Cup,0.28,2026-04-03 13:42:21.669548,
9254,44,Lime,1,Per Cup,0.22,2026-04-03 13:42:21.669548,
9255,44,Simple Syrup,2,Per Oz,0.03,2026-04-03 13:42:21.669548,
9256,44,Coconut,0.75,Per Oz,0.29,2026-04-03 13:42:21.669548,
9257,45,Straw,1,Per Cup,0.01,2026-04-03 13:42:21.669548,
9258,45,Cup & Lid,1,Per Cup,0.21,2026-04-03 13:42:21.669548,
9259,45,Sticker (Logo),1,Per Cup,0.05,2026-04-03 13:42:21.669548,
9260,45,Sticker Printer,1,Per Cup,0.01,2026-04-03 13:42:21.669548,
9261,45,Cup Labor,1,Per Cup,0.06,2026-04-03 13:42:21.669548,
9262,45,Ice,1,per lb,0.19,2026-04-03 13:42:21.669548,
9263,45,Water,2,per cup (8oz),0.03,2026-04-03 13:42:21.669548,
9264,45,Lemon,1,Per Cup,0.28,2026-04-03 13:42:21.669548,
9265,45,Lime,1,Per Cup,0.22,2026-04-03 13:42:21.669548,
9266,45,Sugar Free Simple Syrup,4,Per Oz,0.13,2026-04-03 13:42:21.669548,
9707,85,Ice,1,per lb,0.19,2026-04-03 13:42:21.669548,
9267,45,Sugar Free Raspberry,1,Per Oz,0.29,2026-04-03 13:42:21.669548,
9268,46,Straw,1,Per Cup,0.01,2026-04-03 13:42:21.669548,
9269,46,Cup & Lid,1,Per Cup,0.21,2026-04-03 13:42:21.669548,
9270,46,Sticker (Logo),1,Per Cup,0.05,2026-04-03 13:42:21.669548,
9271,46,Sticker Printer,1,Per Cup,0.01,2026-04-03 13:42:21.669548,
9272,46,Cup Labor,1,Per Cup,0.06,2026-04-03 13:42:21.669548,
9273,46,Ice,1,per lb,0.19,2026-04-03 13:42:21.669548,
9274,46,Water,2,per cup (8oz),0.03,2026-04-03 13:42:21.669548,
9275,46,Lime,2,Per Cup,0.22,2026-04-03 13:42:21.669548,
9276,46,Simple Syrup,2,Per Oz,0.03,2026-04-03 13:42:21.669548,
9277,46,Sweetened Condensed Milk,2,Per Oz,0.14,2026-04-03 13:42:21.669548,
9278,46,Coconut,0.25,Per oz,0.29,2026-04-03 13:42:21.669548,
9279,47,Straw,1,Per Cup,0.01,2026-04-03 13:42:21.669548,
9280,47,Cup & Lid,1,Per Cup,0.21,2026-04-03 13:42:21.669548,
9281,47,Sticker (Logo),1,Per Cup,0.05,2026-04-03 13:42:21.669548,
9282,47,Sticker Printer,1,Per Cup,0.01,2026-04-03 13:42:21.669548,
9283,47,Cup Labor,1,Per Cup,0.06,2026-04-03 13:42:21.669548,
9284,47,Ice,1,per lb,0.19,2026-04-03 13:42:21.669548,
9285,47,Water,2,per cup (8oz),0.03,2026-04-03 13:42:21.669548,
9286,47,Tea Concentrate,2,Per Cup,0.06,2026-04-03 13:42:21.669548,
9287,47,Lemon,1,Per Cup,0.28,2026-04-03 13:42:21.669548,
9288,47,Simple Syrup,2,Per Oz,0.03,2026-04-03 13:42:21.669548,
9289,47,Coconut,0.75,Per Oz,0.29,2026-04-03 13:42:21.669548,
9290,48,Straw,1,Per Cup,0.01,2026-04-03 13:42:21.669548,
9291,48,Cup & Lid,1,Per Cup,0.21,2026-04-03 13:42:21.669548,
9292,48,Sticker (Logo),1,Per Cup,0.05,2026-04-03 13:42:21.669548,
9293,48,Sticker Printer,1,Per Cup,0.01,2026-04-03 13:42:21.669548,
9294,48,Cup Labor,1,Per Cup,0.06,2026-04-03 13:42:21.669548,
9295,48,Ice,1,per lb,0.19,2026-04-03 13:42:21.669548,
9296,48,Water,2,per cup (8oz),0.03,2026-04-03 13:42:21.669548,
9297,48,Tea Concentrate,2,Per Cup,0.06,2026-04-03 13:42:21.669548,
9298,48,Lemon,1,Per Cup,0.28,2026-04-03 13:42:21.669548,
9299,48,Sugar Free Simple Syrup,4,Per Oz,0.13,2026-04-03 13:42:21.669548,
9300,48,Sugar Free Raspberry,1,Per Oz,0.29,2026-04-03 13:42:21.669548,
9312,50,Straw,1,Per Cup,0.01,2026-04-03 13:42:21.669548,
9313,50,Cup & Lid,1,Per Cup,0.21,2026-04-03 13:42:21.669548,
9314,50,Sticker (Logo),1,Per Cup,0.05,2026-04-03 13:42:21.669548,
9315,50,Sticker Printer,1,Per Cup,0.01,2026-04-03 13:42:21.669548,
9316,50,Cup Labor,1,Per Cup,0.06,2026-04-03 13:42:21.669548,
9317,50,Ice,1,per lb,0.19,2026-04-03 13:42:21.669548,
9318,50,Water,2,per cup (8oz),0.03,2026-04-03 13:42:21.669548,
9319,50,Lime,1,Per Cup,0.22,2026-04-03 13:42:21.669548,
9320,50,Simple Syrup,1.5,Per Oz,0.03,2026-04-03 13:42:21.669548,
9321,50,Sweetened Condensed Milk,1,Per Oz,0.14,2026-04-03 13:42:21.669548,
9322,50,Cucumber,0.5,Per Oz,0.3,2026-04-03 13:42:21.669548,
9323,50,French Vanilla,0.25,Per Oz,0.29,2026-04-03 13:42:21.669548,
9324,51,Straw,1,Per Cup,0.01,2026-04-03 13:42:21.669548,
9325,51,Cup & Lid,1,Per Cup,0.21,2026-04-03 13:42:21.669548,
9326,51,Sticker (Logo),1,Per Cup,0.05,2026-04-03 13:42:21.669548,
9327,51,Sticker Printer,1,Per Cup,0.01,2026-04-03 13:42:21.669548,
9328,51,Cup Labor,1,Per Cup,0.06,2026-04-03 13:42:21.669548,
9329,51,Ice,1,per lb,0.19,2026-04-03 13:42:21.669548,
9330,51,Water,2,per cup (8oz),0.03,2026-04-03 13:42:21.669548,
9331,51,Lemon,1,Per Cup,0.28,2026-04-03 13:42:21.669548,
9332,51,Simple Syrup,1.5,Per Oz,0.03,2026-04-03 13:42:21.669548,
9333,51,Sweetened Condensed Milk,1,Per Oz,0.14,2026-04-03 13:42:21.669548,
9334,51,Cucumber,0.5,Per Oz,0.3,2026-04-03 13:42:21.669548,
9335,51,French Vanilla,0.25,Per Oz,0.29,2026-04-03 13:42:21.669548,
9336,52,Straw,1,Per Cup,0.01,2026-04-03 13:42:21.669548,
9337,52,Cup & Lid,1,Per Cup,0.21,2026-04-03 13:42:21.669548,
9338,52,Sticker (Logo),1,Per Cup,0.05,2026-04-03 13:42:21.669548,
9339,52,Sticker Printer,1,Per Cup,0.01,2026-04-03 13:42:21.669548,
9340,52,Cup Labor,1,Per Cup,0.06,2026-04-03 13:42:21.669548,
9341,52,Ice,1,per lb,0.19,2026-04-03 13:42:21.669548,
9342,52,Water,2,per cup (8oz),0.03,2026-04-03 13:42:21.669548,
9343,52,Lemon,1,Per Cup,0.28,2026-04-03 13:42:21.669548,
9344,52,Lime,1,Per Cup,0.22,2026-04-03 13:42:21.669548,
9345,52,Simple Syrup,1.5,Per Oz,0.03,2026-04-03 13:42:21.669548,
9346,52,Sweetened Condensed Milk,1,Per Oz,0.14,2026-04-03 13:42:21.669548,
9347,52,Cucumber,0.5,Per Oz,0.3,2026-04-03 13:42:21.669548,
9348,52,French Vanilla,0.25,Per Oz,0.29,2026-04-03 13:42:21.669548,
9349,53,Straw,1,Per Cup,0.01,2026-04-03 13:42:21.669548,
9350,53,Cup & Lid,1,Per Cup,0.21,2026-04-03 13:42:21.669548,
9351,53,Sticker (Logo),1,Per Cup,0.05,2026-04-03 13:42:21.669548,
9352,53,Sticker Printer,1,Per Cup,0.01,2026-04-03 13:42:21.669548,
9353,53,Cup Labor,1,Per Cup,0.06,2026-04-03 13:42:21.669548,
9354,53,Ice,1,per lb,0.19,2026-04-03 13:42:21.669548,
9355,53,Water,2,per cup (8oz),0.03,2026-04-03 13:42:21.669548,
9356,53,Lemon,1,Per Cup,0.28,2026-04-03 13:42:21.669548,
9357,53,Simple Syrup,2,Per Oz,0.03,2026-04-03 13:42:21.669548,
9358,53,Cucumber,0.75,Per Oz,0.3,2026-04-03 13:42:21.669548,
9359,54,Straw,1,Per Cup,0.01,2026-04-03 13:42:21.669548,
9360,54,Cup & Lid,1,Per Cup,0.21,2026-04-03 13:42:21.669548,
9361,54,Sticker (Logo),1,Per Cup,0.05,2026-04-03 13:42:21.669548,
9362,54,Sticker Printer,1,Per Cup,0.01,2026-04-03 13:42:21.669548,
9363,54,Cup Labor,1,Per Cup,0.06,2026-04-03 13:42:21.669548,
9364,54,Ice,1,per lb,0.19,2026-04-03 13:42:21.669548,
9365,54,Water,2,per cup (8oz),0.03,2026-04-03 13:42:21.669548,
9366,54,Lemon,1,Per Cup,0.28,2026-04-03 13:42:21.669548,
9367,54,Sugar Free Simple Syrup,4,Per Oz,0.13,2026-04-03 13:42:21.669548,
9368,54,Sugar Free Strawberry,1,Per Oz,0.29,2026-04-03 13:42:21.669548,
9369,55,Straw,1,Per Cup,0.01,2026-04-03 13:42:21.669548,
9370,55,Cup & Lid,1,Per Cup,0.21,2026-04-03 13:42:21.669548,
9371,55,Sticker (Logo),1,Per Cup,0.05,2026-04-03 13:42:21.669548,
9372,55,Sticker Printer,1,Per Cup,0.01,2026-04-03 13:42:21.669548,
9373,55,Cup Labor,1,Per Cup,0.06,2026-04-03 13:42:21.669548,
9374,55,Ice,1,per lb,0.19,2026-04-03 13:42:21.669548,
9375,55,Water,2,per cup (8oz),0.03,2026-04-03 13:42:21.669548,
9377,55,Simple Syrup,2,Per Oz,0.03,2026-04-03 13:42:21.669548,
9378,55,Cucumber,0.75,Per Oz,0.3,2026-04-03 13:42:21.669548,
9379,56,Straw,1,Per Cup,0.01,2026-04-03 13:42:21.669548,
9380,56,Cup & Lid,1,Per Cup,0.21,2026-04-03 13:42:21.669548,
9381,56,Sticker (Logo),1,Per Cup,0.05,2026-04-03 13:42:21.669548,
9382,56,Sticker Printer,1,Per Cup,0.01,2026-04-03 13:42:21.669548,
9383,56,Cup Labor,1,Per Cup,0.06,2026-04-03 13:42:21.669548,
9384,56,Ice,1,per lb,0.19,2026-04-03 13:42:21.669548,
9385,56,Water,2,per cup (8oz),0.03,2026-04-03 13:42:21.669548,
9386,56,Lime,1,Per Cup,0.22,2026-04-03 13:42:21.669548,
9387,56,Sugar Fee Simple Syrup,4,Per Oz,0.13,2026-04-03 13:42:21.669548,
9388,56,Sugar Free Strawberry,1,Per Oz,0.29,2026-04-03 13:42:21.669548,
9389,57,Straw,1,Per Cup,0.01,2026-04-03 13:42:21.669548,
9390,57,Cup & Lid,1,Per Cup,0.21,2026-04-03 13:42:21.669548,
9391,57,Sticker (Logo),1,Per Cup,0.05,2026-04-03 13:42:21.669548,
9392,57,Sticker Printer,1,Per Cup,0.01,2026-04-03 13:42:21.669548,
9393,57,Cup Labor,1,Per Cup,0.06,2026-04-03 13:42:21.669548,
9394,57,Ice,1,per lb,0.19,2026-04-03 13:42:21.669548,
9395,57,Water,2,per cup (8oz),0.03,2026-04-03 13:42:21.669548,
9396,57,Lemon,1,Per Cup,0.28,2026-04-03 13:42:21.669548,
9397,57,Lime,1,Per Cup,0.22,2026-04-03 13:42:21.669548,
9398,57,Simple Syrup,2,Per Oz,0.03,2026-04-03 13:42:21.669548,
9399,57,Cucumber,0.75,Per Oz,0.3,2026-04-03 13:42:21.669548,
9400,58,Straw,1,Per Cup,0.01,2026-04-03 13:42:21.669548,
9401,58,Cup & Lid,1,Per Cup,0.21,2026-04-03 13:42:21.669548,
9402,58,Sticker (Logo),1,Per Cup,0.05,2026-04-03 13:42:21.669548,
9403,58,Sticker Printer,1,Per Cup,0.01,2026-04-03 13:42:21.669548,
9404,58,Cup Labor,1,Per Cup,0.06,2026-04-03 13:42:21.669548,
9405,58,Ice,1,per lb,0.19,2026-04-03 13:42:21.669548,
9406,58,Water,2,per cup (8oz),0.03,2026-04-03 13:42:21.669548,
9407,58,Lemon,1,Per Cup,0.28,2026-04-03 13:42:21.669548,
9408,58,Lime,1,Per Cup,0.22,2026-04-03 13:42:21.669548,
9409,58,Sugar Free Simple Syrup,4,Per Oz,0.13,2026-04-03 13:42:21.669548,
9410,58,Sugar Free Strawberry,1,Per Oz,0.29,2026-04-03 13:42:21.669548,
9411,59,Straw,1,Per Cup,0.01,2026-04-03 13:42:21.669548,
9412,59,Cup & Lid,1,Per Cup,0.21,2026-04-03 13:42:21.669548,
9413,59,Sticker (Logo),1,Per Cup,0.05,2026-04-03 13:42:21.669548,
9414,59,Sticker Printer,1,Per Cup,0.01,2026-04-03 13:42:21.669548,
9415,59,Cup Labor,1,Per Cup,0.06,2026-04-03 13:42:21.669548,
9416,59,Ice,1,per lb,0.19,2026-04-03 13:42:21.669548,
9417,59,Water,2,per cup (8oz),0.03,2026-04-03 13:42:21.669548,
9418,59,Lime,2,Per Cup,0.22,2026-04-03 13:42:21.669548,
9419,59,Simple Syrup,2,Per Oz,0.03,2026-04-03 13:42:21.669548,
9420,59,Sweetened Condensed Milk,2,Per Oz,0.14,2026-04-03 13:42:21.669548,
9421,59,Cucumber,0.25,Per oz,0.3,2026-04-03 13:42:21.669548,
9422,60,Straw,1,Per Cup,0.01,2026-04-03 13:42:21.669548,
9423,60,Cup & Lid,1,Per Cup,0.21,2026-04-03 13:42:21.669548,
9424,60,Sticker (Logo),1,Per Cup,0.05,2026-04-03 13:42:21.669548,
9425,60,Sticker Printer,1,Per Cup,0.01,2026-04-03 13:42:21.669548,
9426,60,Cup Labor,1,Per Cup,0.06,2026-04-03 13:42:21.669548,
9427,60,Ice,1,per lb,0.19,2026-04-03 13:42:21.669548,
9428,60,Water,2,per cup (8oz),0.03,2026-04-03 13:42:21.669548,
9429,60,Tea Concentrate,2,Per Cup,0.06,2026-04-03 13:42:21.669548,
9430,60,Lemon,1,Per Cup,0.28,2026-04-03 13:42:21.669548,
9431,60,Simple Syrup,2,Per Oz,0.03,2026-04-03 13:42:21.669548,
9432,60,Cucumber,0.75,Per Oz,0.3,2026-04-03 13:42:21.669548,
9433,61,Straw,1,Per Cup,0.01,2026-04-03 13:42:21.669548,
9434,61,Cup & Lid,1,Per Cup,0.21,2026-04-03 13:42:21.669548,
9435,61,Sticker (Logo),1,Per Cup,0.05,2026-04-03 13:42:21.669548,
9436,61,Sticker Printer,1,Per Cup,0.01,2026-04-03 13:42:21.669548,
9437,61,Cup Labor,1,Per Cup,0.06,2026-04-03 13:42:21.669548,
9438,61,Ice,1,per lb,0.19,2026-04-03 13:42:21.669548,
9439,61,Water,2,per cup (8oz),0.03,2026-04-03 13:42:21.669548,
9440,61,Tea Concentrate,2,Per Cup,0.06,2026-04-03 13:42:21.669548,
9441,61,Lemon,1,Per Cup,0.28,2026-04-03 13:42:21.669548,
9442,61,Sugar Free Simple Syrup,4,Per Oz,0.13,2026-04-03 13:42:21.669548,
9443,61,Sugar Free Strawberry,1,Per Oz,0.29,2026-04-03 13:42:21.669548,
9455,63,Straw,1,Per Cup,0.01,2026-04-03 13:42:21.669548,
9456,63,Cup & Lid,1,Per Cup,0.21,2026-04-03 13:42:21.669548,
9457,63,Sticker (Logo),1,Per Cup,0.05,2026-04-03 13:42:21.669548,
9458,63,Sticker Printer,1,Per Cup,0.01,2026-04-03 13:42:21.669548,
9459,63,Cup Labor,1,Per Cup,0.06,2026-04-03 13:42:21.669548,
9460,63,Ice,1,per lb,0.19,2026-04-03 13:42:21.669548,
9461,63,Water,2,per cup (8oz),0.03,2026-04-03 13:42:21.669548,
9462,63,Lime,1,Per Cup,0.22,2026-04-03 13:42:21.669548,
9463,63,Simple Syrup,1.5,Per Oz,0.03,2026-04-03 13:42:21.669548,
9464,63,Sweetened Condensed Milk,1,Per Oz,0.14,2026-04-03 13:42:21.669548,
9465,63,Lavender,0.5,Per Oz,0.29,2026-04-03 13:42:21.669548,
9466,63,French Vanilla,0.25,Per Oz,0.29,2026-04-03 13:42:21.669548,
9467,64,Straw,1,Per Cup,0.01,2026-04-03 13:42:21.669548,
9468,64,Cup & Lid,1,Per Cup,0.21,2026-04-03 13:42:21.669548,
9469,64,Sticker (Logo),1,Per Cup,0.05,2026-04-03 13:42:21.669548,
9470,64,Sticker Printer,1,Per Cup,0.01,2026-04-03 13:42:21.669548,
9471,64,Cup Labor,1,Per Cup,0.06,2026-04-03 13:42:21.669548,
9472,64,Ice,1,per lb,0.19,2026-04-03 13:42:21.669548,
9473,64,Water,2,per cup (8oz),0.03,2026-04-03 13:42:21.669548,
9474,64,Lemon,1,Per Cup,0.28,2026-04-03 13:42:21.669548,
9475,64,Simple Syrup,1.5,Per Oz,0.03,2026-04-03 13:42:21.669548,
9476,64,Sweetened Condensed Milk,1,Per Oz,0.14,2026-04-03 13:42:21.669548,
9477,64,Lavender,0.5,Per Oz,0.29,2026-04-03 13:42:21.669548,
9478,64,French Vanilla,0.25,Per Oz,0.29,2026-04-03 13:42:21.669548,
9479,65,Straw,1,Per Cup,0.01,2026-04-03 13:42:21.669548,
9480,65,Cup & Lid,1,Per Cup,0.21,2026-04-03 13:42:21.669548,
9481,65,Sticker (Logo),1,Per Cup,0.05,2026-04-03 13:42:21.669548,
9482,65,Sticker Printer,1,Per Cup,0.01,2026-04-03 13:42:21.669548,
9483,65,Cup Labor,1,Per Cup,0.06,2026-04-03 13:42:21.669548,
9484,65,Ice,1,per lb,0.19,2026-04-03 13:42:21.669548,
9485,65,Water,2,per cup (8oz),0.03,2026-04-03 13:42:21.669548,
9488,65,Simple Syrup,1.5,Per Oz,0.03,2026-04-03 13:42:21.669548,
9489,65,Sweetened Condensed Milk,1,Per Oz,0.14,2026-04-03 13:42:21.669548,
9490,65,Lavender,0.5,Per Oz,0.29,2026-04-03 13:42:21.669548,
9491,65,French Vanilla,0.25,Per Oz,0.29,2026-04-03 13:42:21.669548,
9492,66,Straw,2,Per Cup,0.01,2026-04-03 13:42:21.669548,
9493,66,Cup & Lid,1,Per Cup,0.21,2026-04-03 13:42:21.669548,
9494,66,Sticker (Logo),1,Per Cup,0.05,2026-04-03 13:42:21.669548,
9495,66,Sticker Printer,1,Per Cup,0.01,2026-04-03 13:42:21.669548,
9496,66,Cup Labor,1,Per Cup,0.06,2026-04-03 13:42:21.669548,
9497,66,Ice,1,per lb,0.19,2026-04-03 13:42:21.669548,
9498,66,Water,2,per cup (8oz),0.03,2026-04-03 13:42:21.669548,
9499,66,Lemon,1,Per Cup,0.28,2026-04-03 13:42:21.669548,
9500,66,Simple Syrup,2,Per Oz,0.03,2026-04-03 13:42:21.669548,
9501,66,Lavender,0.75,Per Oz,0.29,2026-04-03 13:42:21.669548,
9502,67,Straw,1,Per Cup,0.01,2026-04-03 13:42:21.669548,
9503,67,Cup & Lid,1,Per Cup,0.21,2026-04-03 13:42:21.669548,
9504,67,Sticker (Logo),1,Per Cup,0.05,2026-04-03 13:42:21.669548,
9505,67,Sticker Printer,1,Per Cup,0.01,2026-04-03 13:42:21.669548,
9506,67,Cup Labor,1,Per Cup,0.06,2026-04-03 13:42:21.669548,
9507,67,Ice,1,per lb,0.19,2026-04-03 13:42:21.669548,
9508,67,Water,2,per cup (8oz),0.03,2026-04-03 13:42:21.669548,
9509,67,Lemon,1,Per Cup,0.28,2026-04-03 13:42:21.669548,
9510,67,Sugar Free Simple Syrup,4,Per Oz,0.13,2026-04-03 13:42:21.669548,
9511,67,Sugar Free Cherry,1,Per Oz,0.29,2026-04-03 13:42:21.669548,
9512,68,Straw,1,Per Cup,0.01,2026-04-03 13:42:21.669548,
9513,68,Cup & Lid,1,Per Cup,0.21,2026-04-03 13:42:21.669548,
9514,68,Sticker (Logo),1,Per Cup,0.05,2026-04-03 13:42:21.669548,
9515,68,Sticker Printer,1,Per Cup,0.01,2026-04-03 13:42:21.669548,
9516,68,Cup Labor,1,Per Cup,0.06,2026-04-03 13:42:21.669548,
9517,68,Ice,1,per lb,0.19,2026-04-03 13:42:21.669548,
9518,68,Water,2,per cup (8oz),0.03,2026-04-03 13:42:21.669548,
9519,68,Lime,1,Per Cup,0.22,2026-04-03 13:42:21.669548,
9520,68,Simple Syrup,2,Per Oz,0.03,2026-04-03 13:42:21.669548,
9521,68,Lavender,0.75,Per Oz,0.29,2026-04-03 13:42:21.669548,
9522,69,Straw,1,Per Cup,0.01,2026-04-03 13:42:21.669548,
9523,69,Cup & Lid,1,Per Cup,0.21,2026-04-03 13:42:21.669548,
9524,69,Sticker (Logo),1,Per Cup,0.05,2026-04-03 13:42:21.669548,
9525,69,Sticker Printer,1,Per Cup,0.01,2026-04-03 13:42:21.669548,
9526,69,Cup Labor,1,Per Cup,0.06,2026-04-03 13:42:21.669548,
9527,69,Ice,1,per lb,0.19,2026-04-03 13:42:21.669548,
9528,69,Water,2,per cup (8oz),0.03,2026-04-03 13:42:21.669548,
9529,69,Lime,1,Per Cup,0.22,2026-04-03 13:42:21.669548,
9530,69,Sugar Fee Simple Syrup,4,Per Oz,0.13,2026-04-03 13:42:21.669548,
9531,69,Sugar Free Cherry,1,Per Oz,0.29,2026-04-03 13:42:21.669548,
9532,70,Straw,1,Per Cup,0.01,2026-04-03 13:42:21.669548,
9533,70,Cup & Lid,1,Per Cup,0.21,2026-04-03 13:42:21.669548,
9534,70,Sticker (Logo),1,Per Cup,0.05,2026-04-03 13:42:21.669548,
9535,70,Sticker Printer,1,Per Cup,0.01,2026-04-03 13:42:21.669548,
9536,70,Cup Labor,1,Per Cup,0.06,2026-04-03 13:42:21.669548,
9537,70,Ice,1,per lb,0.19,2026-04-03 13:42:21.669548,
9538,70,Water,2,per cup (8oz),0.03,2026-04-03 13:42:21.669548,
9539,70,Lemon,1,Per Cup,0.28,2026-04-03 13:42:21.669548,
9540,70,Lime,1,Per Cup,0.22,2026-04-03 13:42:21.669548,
9541,70,Simple Syrup,2,Per Oz,0.03,2026-04-03 13:42:21.669548,
9542,70,Lavender,0.75,Per Oz,0.29,2026-04-03 13:42:21.669548,
9543,71,Straw,1,Per Cup,0.01,2026-04-03 13:42:21.669548,
9544,71,Cup & Lid,1,Per Cup,0.21,2026-04-03 13:42:21.669548,
9545,71,Sticker (Logo),1,Per Cup,0.05,2026-04-03 13:42:21.669548,
9546,71,Sticker Printer,1,Per Cup,0.01,2026-04-03 13:42:21.669548,
9547,71,Cup Labor,1,Per Cup,0.06,2026-04-03 13:42:21.669548,
9548,71,Ice,1,per lb,0.19,2026-04-03 13:42:21.669548,
9549,71,Water,2,per cup (8oz),0.03,2026-04-03 13:42:21.669548,
9550,71,Lemon,1,Per Cup,0.28,2026-04-03 13:42:21.669548,
9551,71,Lime,1,Per Cup,0.22,2026-04-03 13:42:21.669548,
9552,71,Sugar Free Simple Syrup,4,Per Oz,0.13,2026-04-03 13:42:21.669548,
9553,71,Sugar Free Cherry,1,Per Oz,0.29,2026-04-03 13:42:21.669548,
9554,72,Straw,1,Per Cup,0.01,2026-04-03 13:42:21.669548,
9555,72,Cup & Lid,1,Per Cup,0.21,2026-04-03 13:42:21.669548,
9556,72,Sticker (Logo),1,Per Cup,0.05,2026-04-03 13:42:21.669548,
9557,72,Sticker Printer,1,Per Cup,0.01,2026-04-03 13:42:21.669548,
9558,72,Cup Labor,1,Per Cup,0.06,2026-04-03 13:42:21.669548,
9559,72,Ice,1,per lb,0.19,2026-04-03 13:42:21.669548,
9560,72,Water,2,per cup (8oz),0.03,2026-04-03 13:42:21.669548,
9561,72,Lime,2,Per Cup,0.22,2026-04-03 13:42:21.669548,
9562,72,Simple Syrup,2,Per Oz,0.03,2026-04-03 13:42:21.669548,
9563,72,Sweetened Condensed Milk,2,Per Oz,0.14,2026-04-03 13:42:21.669548,
9564,72,Lavender,0.25,Per oz,0.29,2026-04-03 13:42:21.669548,
9565,73,Straw,1,Per Cup,0.01,2026-04-03 13:42:21.669548,
9566,73,Cup & Lid,1,Per Cup,0.21,2026-04-03 13:42:21.669548,
9567,73,Sticker (Logo),1,Per Cup,0.05,2026-04-03 13:42:21.669548,
9568,73,Sticker Printer,1,Per Cup,0.01,2026-04-03 13:42:21.669548,
9569,73,Cup Labor,1,Per Cup,0.06,2026-04-03 13:42:21.669548,
9570,73,Ice,1,per lb,0.19,2026-04-03 13:42:21.669548,
9571,73,Water,2,per cup (8oz),0.03,2026-04-03 13:42:21.669548,
9572,73,Tea Concentrate,2,Per Cup,0.06,2026-04-03 13:42:21.669548,
9573,73,Lemon,1,Per Cup,0.28,2026-04-03 13:42:21.669548,
9574,73,Simple Syrup,2,Per Oz,0.03,2026-04-03 13:42:21.669548,
9575,73,Lavender,0.75,Per Oz,0.29,2026-04-03 13:42:21.669548,
9576,74,Straw,1,Per Cup,0.01,2026-04-03 13:42:21.669548,
9577,74,Cup & Lid,1,Per Cup,0.21,2026-04-03 13:42:21.669548,
9578,74,Sticker (Logo),1,Per Cup,0.05,2026-04-03 13:42:21.669548,
9579,74,Sticker Printer,1,Per Cup,0.01,2026-04-03 13:42:21.669548,
9580,74,Cup Labor,1,Per Cup,0.06,2026-04-03 13:42:21.669548,
9581,74,Ice,1,per lb,0.19,2026-04-03 13:42:21.669548,
9582,74,Water,2,per cup (8oz),0.03,2026-04-03 13:42:21.669548,
9583,74,Tea Concentrate,2,Per Cup,0.06,2026-04-03 13:42:21.669548,
9584,74,Lemon,1,Per Cup,0.28,2026-04-03 13:42:21.669548,
9585,74,Sugar Free Simple Syrup,4,Per Oz,0.13,2026-04-03 13:42:21.669548,
9586,74,Sugar Free Cherry,1,Per Oz,0.29,2026-04-03 13:42:21.669548,
9599,76,Straw,1,Per Cup,0.01,2026-04-03 13:42:21.669548,
9600,76,Cup & Lid,1,Per Cup,0.21,2026-04-03 13:42:21.669548,
9601,76,Sticker (Logo),1,Per Cup,0.05,2026-04-03 13:42:21.669548,
9602,76,Sticker Printer,1,Per Cup,0.01,2026-04-03 13:42:21.669548,
9603,76,Cup Labor,1,Per Cup,0.06,2026-04-03 13:42:21.669548,
9604,76,Ice,1,per lb,0.19,2026-04-03 13:42:21.669548,
9605,76,Water,2,per cup (8oz),0.03,2026-04-03 13:42:21.669548,
9606,76,Lime,1,Per Cup,0.22,2026-04-03 13:42:21.669548,
9607,76,Simple Syrup,1.5,Per Oz,0.03,2026-04-03 13:42:21.669548,
9608,76,Sweetened Condensed Milk,1,Per Oz,0.14,2026-04-03 13:42:21.669548,
9609,76,Peach,0.5,Per Oz,0.29,2026-04-03 13:42:21.669548,
9610,76,French Vanilla,0.25,Per Oz,0.29,2026-04-03 13:42:21.669548,
9611,77,Straw,1,Per Cup,0.01,2026-04-03 13:42:21.669548,
9612,77,Cup & Lid,1,Per Cup,0.21,2026-04-03 13:42:21.669548,
9613,77,Sticker (Logo),1,Per Cup,0.05,2026-04-03 13:42:21.669548,
9614,77,Sticker Printer,1,Per Cup,0.01,2026-04-03 13:42:21.669548,
9615,77,Cup Labor,1,Per Cup,0.06,2026-04-03 13:42:21.669548,
9616,77,Ice,1,per lb,0.19,2026-04-03 13:42:21.669548,
9617,77,Water,2,per cup (8oz),0.03,2026-04-03 13:42:21.669548,
9618,77,Lemon,1,Per Cup,0.28,2026-04-03 13:42:21.669548,
9619,77,Simple Syrup,1.5,Per Oz,0.03,2026-04-03 13:42:21.669548,
9620,77,Sweetened Condensed Milk,1,Per Oz,0.14,2026-04-03 13:42:21.669548,
9621,77,Peach,0.5,Per Oz,0.29,2026-04-03 13:42:21.669548,
9622,77,French Vanilla,0.25,Per Oz,0.29,2026-04-03 13:42:21.669548,
9623,78,Straw,1,Per Cup,0.01,2026-04-03 13:42:21.669548,
9624,78,Cup & Lid,1,Per Cup,0.21,2026-04-03 13:42:21.669548,
9625,78,Sticker (Logo),1,Per Cup,0.05,2026-04-03 13:42:21.669548,
9626,78,Sticker Printer,1,Per Cup,0.01,2026-04-03 13:42:21.669548,
9627,78,Cup Labor,1,Per Cup,0.06,2026-04-03 13:42:21.669548,
9628,78,Ice,1,per lb,0.19,2026-04-03 13:42:21.669548,
9629,78,Water,2,per cup (8oz),0.03,2026-04-03 13:42:21.669548,
9630,78,Lemon,1,Per Cup,0.28,2026-04-03 13:42:21.669548,
9631,78,Lime,1,Per Cup,0.22,2026-04-03 13:42:21.669548,
9632,78,Simple Syrup,1.5,Per Oz,0.03,2026-04-03 13:42:21.669548,
9633,78,Sweetened Condensed Milk,1,Per Oz,0.14,2026-04-03 13:42:21.669548,
9634,78,Peach,0.5,Per Oz,0.29,2026-04-03 13:42:21.669548,
9635,78,French Vanilla,0.25,Per Oz,0.29,2026-04-03 13:42:21.669548,
9636,79,Straw,1,Per Cup,0.01,2026-04-03 13:42:21.669548,
9637,79,Cup & Lid,1,Per Cup,0.21,2026-04-03 13:42:21.669548,
9638,79,Sticker (Logo),1,Per Cup,0.05,2026-04-03 13:42:21.669548,
9639,79,Sticker Printer,1,Per Cup,0.01,2026-04-03 13:42:21.669548,
9640,79,Cup Labor,1,Per Cup,0.06,2026-04-03 13:42:21.669548,
9641,79,Ice,1,per lb,0.19,2026-04-03 13:42:21.669548,
9642,79,Water,2,per cup (8oz),0.03,2026-04-03 13:42:21.669548,
9643,79,Lemon,1,Per Cup,0.28,2026-04-03 13:42:21.669548,
9644,79,Simple Syrup,2,Per Oz,0.03,2026-04-03 13:42:21.669548,
9645,79,Peach,0.75,Per Oz,0.29,2026-04-03 13:42:21.669548,
9646,80,Straw,1,Per Cup,0.01,2026-04-03 13:42:21.669548,
9647,80,Cup & Lid,1,Per Cup,0.21,2026-04-03 13:42:21.669548,
9648,80,Sticker (Logo),1,Per Cup,0.05,2026-04-03 13:42:21.669548,
9649,80,Sticker Printer,1,Per Cup,0.01,2026-04-03 13:42:21.669548,
9650,80,Cup Labor,1,Per Cup,0.06,2026-04-03 13:42:21.669548,
9651,80,Ice,1,per lb,0.19,2026-04-03 13:42:21.669548,
9652,80,Water,2,per cup (8oz),0.03,2026-04-03 13:42:21.669548,
9653,80,Lime,1,Per Cup,0.22,2026-04-03 13:42:21.669548,
9654,80,Simple Syrup,2,Per Oz,0.03,2026-04-03 13:42:21.669548,
9655,80,Peach,0.75,Per Oz,0.29,2026-04-03 13:42:21.669548,
9656,81,Straw,1,Per Cup,0.01,2026-04-03 13:42:21.669548,
9657,81,Cup & Lid,1,Per Cup,0.21,2026-04-03 13:42:21.669548,
9658,81,Sticker (Logo),1,Per Cup,0.05,2026-04-03 13:42:21.669548,
9659,81,Sticker Printer,1,Per Cup,0.01,2026-04-03 13:42:21.669548,
9660,81,Cup Labor,1,Per Cup,0.06,2026-04-03 13:42:21.669548,
9661,81,Ice,1,per lb,0.19,2026-04-03 13:42:21.669548,
9662,81,Water,2,per cup (8oz),0.03,2026-04-03 13:42:21.669548,
9663,81,Lemon,1,Per Cup,0.28,2026-04-03 13:42:21.669548,
9664,81,Lime,1,Per Cup,0.22,2026-04-03 13:42:21.669548,
9665,81,Simple Syrup,2,Per Oz,0.03,2026-04-03 13:42:21.669548,
9666,81,Peach,0.75,Per Oz,0.29,2026-04-03 13:42:21.669548,
9667,82,Straw,1,Per Cup,0.01,2026-04-03 13:42:21.669548,
9668,82,Cup & Lid,1,Per Cup,0.21,2026-04-03 13:42:21.669548,
9669,82,Sticker (Logo),1,Per Cup,0.05,2026-04-03 13:42:21.669548,
9670,82,Sticker Printer,1,Per Cup,0.01,2026-04-03 13:42:21.669548,
9671,82,Cup Labor,1,Per Cup,0.06,2026-04-03 13:42:21.669548,
9672,82,Ice,1,per lb,0.19,2026-04-03 13:42:21.669548,
9673,82,Water,2,per cup (8oz),0.03,2026-04-03 13:42:21.669548,
9674,82,Lime,2,Per Cup,0.22,2026-04-03 13:42:21.669548,
9675,82,Simple Syrup,2,Per Oz,0.03,2026-04-03 13:42:21.669548,
9676,82,Sweetened Condensed Milk,2,Per Oz,0.14,2026-04-03 13:42:21.669548,
9677,82,Peach,0.25,Per oz,0.29,2026-04-03 13:42:21.669548,
9678,83,Straw,1,Per Cup,0.01,2026-04-03 13:42:21.669548,
9679,83,Cup & Lid,1,Per Cup,0.21,2026-04-03 13:42:21.669548,
9680,83,Sticker (Logo),1,Per Cup,0.05,2026-04-03 13:42:21.669548,
9681,83,Sticker Printer,1,Per Cup,0.01,2026-04-03 13:42:21.669548,
9682,83,Cup Labor,1,Per Cup,0.06,2026-04-03 13:42:21.669548,
9683,83,Ice,1,per lb,0.19,2026-04-03 13:42:21.669548,
9684,83,Water,2,per cup (8oz),0.03,2026-04-03 13:42:21.669548,
9685,83,Tea Concentrate,2,Per Cup,0.06,2026-04-03 13:42:21.669548,
9686,83,Lemon,1,Per Cup,0.28,2026-04-03 13:42:21.669548,
9687,83,Simple Syrup,2,Per Oz,0.03,2026-04-03 13:42:21.669548,
9688,83,Peach,0.75,Per Oz,0.29,2026-04-03 13:42:21.669548,
9702,85,Straw,1,Per Cup,0.01,2026-04-03 13:42:21.669548,
9703,85,Cup & Lid,1,Per Cup,0.21,2026-04-03 13:42:21.669548,
9704,85,Sticker (Logo),1,Per Cup,0.05,2026-04-03 13:42:21.669548,
9705,85,Sticker Printer,1,Per Cup,0.01,2026-04-03 13:42:21.669548,
9706,85,Cup Labor,1,Per Cup,0.06,2026-04-03 13:42:21.669548,
9708,85,Water,2,per cup (8oz),0.03,2026-04-03 13:42:21.669548,
9709,85,Lime,1,Per Cup,0.22,2026-04-03 13:42:21.669548,
9710,85,Simple Syrup,1.5,Per Oz,0.03,2026-04-03 13:42:21.669548,
9711,85,Sweetened Condensed Milk,1,Per Oz,0.14,2026-04-03 13:42:21.669548,
9712,85,Pineapple,0.5,Per Oz,0.29,2026-04-03 13:42:21.669548,
9713,85,French Vanilla,0.25,Per Oz,0.29,2026-04-03 13:42:21.669548,
9714,86,Straw,1,Per Cup,0.01,2026-04-03 13:42:21.669548,
9715,86,Cup & Lid,1,Per Cup,0.21,2026-04-03 13:42:21.669548,
9716,86,Sticker (Logo),1,Per Cup,0.05,2026-04-03 13:42:21.669548,
9717,86,Sticker Printer,1,Per Cup,0.01,2026-04-03 13:42:21.669548,
9718,86,Cup Labor,1,Per Cup,0.06,2026-04-03 13:42:21.669548,
9719,86,Ice,1,per lb,0.19,2026-04-03 13:42:21.669548,
9720,86,Water,2,per cup (8oz),0.03,2026-04-03 13:42:21.669548,
9721,86,Lemon,1,Per Cup,0.28,2026-04-03 13:42:21.669548,
9722,86,Simple Syrup,1.5,Per Oz,0.03,2026-04-03 13:42:21.669548,
9723,86,Sweetened Condensed Milk,1,Per Oz,0.14,2026-04-03 13:42:21.669548,
9724,86,Pineapple,0.5,Per Oz,0.29,2026-04-03 13:42:21.669548,
9725,86,French Vanilla,0.25,Per Oz,0.29,2026-04-03 13:42:21.669548,
9726,87,Straw,1,Per Cup,0.01,2026-04-03 13:42:21.669548,
9727,87,Cup & Lid,1,Per Cup,0.21,2026-04-03 13:42:21.669548,
9728,87,Sticker (Logo),1,Per Cup,0.05,2026-04-03 13:42:21.669548,
9729,87,Sticker Printer,1,Per Cup,0.01,2026-04-03 13:42:21.669548,
9730,87,Cup Labor,1,Per Cup,0.06,2026-04-03 13:42:21.669548,
9731,87,Ice,1,per lb,0.19,2026-04-03 13:42:21.669548,
9732,87,Water,2,per cup (8oz),0.03,2026-04-03 13:42:21.669548,
9733,87,Lemon,1,Per Cup,0.28,2026-04-03 13:42:21.669548,
9734,87,Lime,1,Per Cup,0.22,2026-04-03 13:42:21.669548,
9735,87,Simple Syrup,1.5,Per Oz,0.03,2026-04-03 13:42:21.669548,
9736,87,Sweetened Condensed Milk,1,Per Oz,0.14,2026-04-03 13:42:21.669548,
9737,87,Pineapple,0.5,Per Oz,0.29,2026-04-03 13:42:21.669548,
9738,87,French Vanilla,0.25,Per Oz,0.29,2026-04-03 13:42:21.669548,
9739,88,Straw,1,Per Cup,0.01,2026-04-03 13:42:21.669548,
9740,88,Cup & Lid,1,Per Cup,0.21,2026-04-03 13:42:21.669548,
9741,88,Sticker (Logo),1,Per Cup,0.05,2026-04-03 13:42:21.669548,
9742,88,Sticker Printer,1,Per Cup,0.01,2026-04-03 13:42:21.669548,
9743,88,Cup Labor,1,Per Cup,0.06,2026-04-03 13:42:21.669548,
9744,88,Ice,1,per lb,0.19,2026-04-03 13:42:21.669548,
9745,88,Water,2,per cup (8oz),0.03,2026-04-03 13:42:21.669548,
9746,88,Lemon,1,Per Cup,0.28,2026-04-03 13:42:21.669548,
9747,88,Simple Syrup,2,Per Oz,0.03,2026-04-03 13:42:21.669548,
9748,88,Pineapple,0.75,Per Oz,0.29,2026-04-03 13:42:21.669548,
9749,273,Straw,1,Per Cup,0.01,2026-04-03 13:42:21.669548,
9750,273,Cup & Lid,1,Per Cup,0.21,2026-04-03 13:42:21.669548,
9751,273,Sticker (Logo),1,Per Cup,0.05,2026-04-03 13:42:21.669548,
9752,273,Sticker Printer,1,Per Cup,0.01,2026-04-03 13:42:21.669548,
9753,273,Cup Labor,1,Per Cup,0.06,2026-04-03 13:42:21.669548,
9754,273,Ice,1,per lb,0.19,2026-04-03 13:42:21.669548,
9755,273,Water,2,per cup (8oz),0.03,2026-04-03 13:42:21.669548,
9756,273,Lime,1,Per Cup,0.22,2026-04-03 13:42:21.669548,
9757,273,Simple Syrup,2,Per Oz,0.03,2026-04-03 13:42:21.669548,
9758,273,Pineapple,0.75,Per Oz,0.29,2026-04-03 13:42:21.669548,
9759,90,Straw,1,Per Cup,0.01,2026-04-03 13:42:21.669548,
9760,90,Cup & Lid,1,Per Cup,0.21,2026-04-03 13:42:21.669548,
9761,90,Sticker (Logo),1,Per Cup,0.05,2026-04-03 13:42:21.669548,
9762,90,Sticker Printer,1,Per Cup,0.01,2026-04-03 13:42:21.669548,
9763,90,Cup Labor,1,Per Cup,0.06,2026-04-03 13:42:21.669548,
9764,90,Ice,1,per lb,0.19,2026-04-03 13:42:21.669548,
9765,90,Water,2,per cup (8oz),0.03,2026-04-03 13:42:21.669548,
9766,90,Lemon,1,Per Cup,0.28,2026-04-03 13:42:21.669548,
9767,90,Lime,1,Per Cup,0.22,2026-04-03 13:42:21.669548,
9768,90,Simple Syrup,2,Per Oz,0.03,2026-04-03 13:42:21.669548,
9769,90,Pineapple,0.75,Per Oz,0.29,2026-04-03 13:42:21.669548,
9770,91,Straw,1,Per Cup,0.01,2026-04-03 13:42:21.669548,
9771,91,Cup & Lid,1,Per Cup,0.21,2026-04-03 13:42:21.669548,
9772,91,Sticker (Logo),1,Per Cup,0.05,2026-04-03 13:42:21.669548,
9773,91,Sticker Printer,1,Per Cup,0.01,2026-04-03 13:42:21.669548,
9774,91,Cup Labor,1,Per Cup,0.06,2026-04-03 13:42:21.669548,
9775,91,Ice,1,per lb,0.19,2026-04-03 13:42:21.669548,
9776,91,Water,2,per cup (8oz),0.03,2026-04-03 13:42:21.669548,
9777,91,Lime,2,Per Cup,0.22,2026-04-03 13:42:21.669548,
9778,91,Simple Syrup,2,Per Oz,0.03,2026-04-03 13:42:21.669548,
9779,91,Sweetened Condensed Milk,2,Per Oz,0.14,2026-04-03 13:42:21.669548,
9780,91,Pineapple,0.25,Per oz,0.29,2026-04-03 13:42:21.669548,
9781,92,Straw,1,Per Cup,0.01,2026-04-03 13:42:21.669548,
9782,92,Cup & Lid,1,Per Cup,0.21,2026-04-03 13:42:21.669548,
9783,92,Sticker (Logo),1,Per Cup,0.05,2026-04-03 13:42:21.669548,
9784,92,Sticker Printer,1,Per Cup,0.01,2026-04-03 13:42:21.669548,
9785,92,Cup Labor,1,Per Cup,0.06,2026-04-03 13:42:21.669548,
9786,92,Ice,1,per lb,0.19,2026-04-03 13:42:21.669548,
9787,92,Water,2,per cup (8oz),0.03,2026-04-03 13:42:21.669548,
9788,92,Tea Concentrate,2,Per Cup,0.06,2026-04-03 13:42:21.669548,
9789,92,Lemon,1,Per Cup,0.28,2026-04-03 13:42:21.669548,
9790,92,Simple Syrup,2,Per Oz,0.03,2026-04-03 13:42:21.669548,
9791,92,Pineapple,0.75,Per Oz,0.29,2026-04-03 13:42:21.669548,
9804,94,Straw,1,Per Cup,0.01,2026-04-03 13:42:21.669548,
9805,94,Cup & Lid,1,Per Cup,0.21,2026-04-03 13:42:21.669548,
9806,94,Sticker (Logo),1,Per Cup,0.05,2026-04-03 13:42:21.669548,
9807,94,Sticker Printer,1,Per Cup,0.01,2026-04-03 13:42:21.669548,
9808,94,Cup Labor,1,Per Cup,0.06,2026-04-03 13:42:21.669548,
9809,94,Ice,1,per lb,0.19,2026-04-03 13:42:21.669548,
9810,94,Water,2,per cup (8oz),0.03,2026-04-03 13:42:21.669548,
9811,94,Lime,1,Per Cup,0.22,2026-04-03 13:42:21.669548,
9812,94,Simple Syrup,1.5,Per Oz,0.03,2026-04-03 13:42:21.669548,
9813,94,Sweetened Condensed Milk,1,Per Oz,0.14,2026-04-03 13:42:21.669548,
9814,94,Raspberry,0.5,Per Oz,0.29,2026-04-03 13:42:21.669548,
9815,94,French Vanilla,0.25,Per Oz,0.29,2026-04-03 13:42:21.669548,
9816,95,Straw,1,Per Cup,0.01,2026-04-03 13:42:21.669548,
9817,95,Cup & Lid,1,Per Cup,0.21,2026-04-03 13:42:21.669548,
9818,95,Sticker (Logo),1,Per Cup,0.05,2026-04-03 13:42:21.669548,
9819,95,Sticker Printer,1,Per Cup,0.01,2026-04-03 13:42:21.669548,
9820,95,Cup Labor,1,Per Cup,0.06,2026-04-03 13:42:21.669548,
9821,95,Ice,1,per lb,0.19,2026-04-03 13:42:21.669548,
9822,95,Water,2,per cup (8oz),0.03,2026-04-03 13:42:21.669548,
9823,95,Lemon,1,Per Cup,0.28,2026-04-03 13:42:21.669548,
9824,95,Simple Syrup,1.5,Per Oz,0.03,2026-04-03 13:42:21.669548,
9825,95,Sweetened Condensed Milk,1,Per Oz,0.14,2026-04-03 13:42:21.669548,
9826,95,Raspberry,0.5,Per Oz,0.29,2026-04-03 13:42:21.669548,
9827,95,French Vanilla,0.25,Per Oz,0.29,2026-04-03 13:42:21.669548,
9828,96,Straw,1,Per Cup,0.01,2026-04-03 13:42:21.669548,
9829,96,Cup & Lid,1,Per Cup,0.21,2026-04-03 13:42:21.669548,
9830,96,Sticker (Logo),1,Per Cup,0.05,2026-04-03 13:42:21.669548,
9831,96,Sticker Printer,1,Per Cup,0.01,2026-04-03 13:42:21.669548,
9832,96,Cup Labor,1,Per Cup,0.06,2026-04-03 13:42:21.669548,
9833,96,Ice,1,per lb,0.19,2026-04-03 13:42:21.669548,
9834,96,Water,2,per cup (8oz),0.03,2026-04-03 13:42:21.669548,
9835,96,Lemon,1,Per Cup,0.28,2026-04-03 13:42:21.669548,
9836,96,Lime,1,Per Cup,0.22,2026-04-03 13:42:21.669548,
9837,96,Simple Syrup,1.5,Per Oz,0.03,2026-04-03 13:42:21.669548,
9838,96,Sweetened Condensed Milk,1,Per Oz,0.14,2026-04-03 13:42:21.669548,
9839,96,Raspberry,0.5,Per Oz,0.29,2026-04-03 13:42:21.669548,
9840,96,French Vanilla,0.25,Per Oz,0.29,2026-04-03 13:42:21.669548,
9841,97,Straw,1,Per Cup,0.01,2026-04-03 13:42:21.669548,
9842,97,Cup & Lid,1,Per Cup,0.21,2026-04-03 13:42:21.669548,
9843,97,Sticker (Logo),1,Per Cup,0.05,2026-04-03 13:42:21.669548,
9844,97,Sticker Printer,1,Per Cup,0.01,2026-04-03 13:42:21.669548,
9845,97,Cup Labor,1,Per Cup,0.06,2026-04-03 13:42:21.669548,
9846,97,Ice,1,per lb,0.19,2026-04-03 13:42:21.669548,
9847,97,Water,2,per cup (8oz),0.03,2026-04-03 13:42:21.669548,
9848,97,Lemon,1,Per Cup,0.28,2026-04-03 13:42:21.669548,
9849,97,Simple Syrup,2,Per Oz,0.03,2026-04-03 13:42:21.669548,
9850,97,Raspberry,0.75,Per Oz,0.29,2026-04-03 13:42:21.669548,
9851,98,Straw,1,Per Cup,0.01,2026-04-03 13:42:21.669548,
9852,98,Cup & Lid,1,Per Cup,0.21,2026-04-03 13:42:21.669548,
9853,98,Sticker (Logo),1,Per Cup,0.05,2026-04-03 13:42:21.669548,
9854,98,Sticker Printer,1,Per Cup,0.01,2026-04-03 13:42:21.669548,
9855,98,Cup Labor,1,Per Cup,0.06,2026-04-03 13:42:21.669548,
9856,98,Ice,1,per lb,0.19,2026-04-03 13:42:21.669548,
9857,98,Water,2,per cup (8oz),0.03,2026-04-03 13:42:21.669548,
9858,98,Lime,1,Per Cup,0.22,2026-04-03 13:42:21.669548,
9859,98,Simple Syrup,2,Per Oz,0.03,2026-04-03 13:42:21.669548,
9860,98,Raspberry,0.75,Per Oz,0.29,2026-04-03 13:42:21.669548,
9861,99,Straw,1,Per Cup,0.01,2026-04-03 13:42:21.669548,
9862,99,Cup & Lid,1,Per Cup,0.21,2026-04-03 13:42:21.669548,
9863,99,Sticker (Logo),1,Per Cup,0.05,2026-04-03 13:42:21.669548,
9864,99,Sticker Printer,1,Per Cup,0.01,2026-04-03 13:42:21.669548,
9865,99,Cup Labor,1,Per Cup,0.06,2026-04-03 13:42:21.669548,
9866,99,Ice,1,per lb,0.19,2026-04-03 13:42:21.669548,
9867,99,Water,2,per cup (8oz),0.03,2026-04-03 13:42:21.669548,
9868,99,Lemon,1,Per Cup,0.28,2026-04-03 13:42:21.669548,
9869,99,Lime,1,Per Cup,0.22,2026-04-03 13:42:21.669548,
9870,99,Simple Syrup,2,Per Oz,0.03,2026-04-03 13:42:21.669548,
9871,99,Raspberry,0.75,Per Oz,0.29,2026-04-03 13:42:21.669548,
9872,100,Straw,1,Per Cup,0.01,2026-04-03 13:42:21.669548,
9873,100,Cup & Lid,1,Per Cup,0.21,2026-04-03 13:42:21.669548,
9874,100,Sticker (Logo),1,Per Cup,0.05,2026-04-03 13:42:21.669548,
9875,100,Sticker Printer,1,Per Cup,0.01,2026-04-03 13:42:21.669548,
9876,100,Cup Labor,1,Per Cup,0.06,2026-04-03 13:42:21.669548,
9877,100,Ice,1,per lb,0.19,2026-04-03 13:42:21.669548,
9878,100,Water,2,per cup (8oz),0.03,2026-04-03 13:42:21.669548,
9879,100,Lime,2,Per Cup,0.22,2026-04-03 13:42:21.669548,
9880,100,Simple Syrup,2,Per Oz,0.03,2026-04-03 13:42:21.669548,
9881,100,Sweetened Condensed Milk,2,Per Oz,0.14,2026-04-03 13:42:21.669548,
9882,100,Raspberry,0.25,Per oz,0.29,2026-04-03 13:42:21.669548,
9883,101,Straw,1,Per Cup,0.01,2026-04-03 13:42:21.669548,
9884,101,Cup & Lid,1,Per Cup,0.21,2026-04-03 13:42:21.669548,
9885,101,Sticker (Logo),1,Per Cup,0.05,2026-04-03 13:42:21.669548,
9886,101,Sticker Printer,1,Per Cup,0.01,2026-04-03 13:42:21.669548,
9887,101,Cup Labor,1,Per Cup,0.06,2026-04-03 13:42:21.669548,
9888,101,Ice,1,per lb,0.19,2026-04-03 13:42:21.669548,
9889,101,Water,2,per cup (8oz),0.03,2026-04-03 13:42:21.669548,
9890,101,Tea Concentrate,2,Per Cup,0.06,2026-04-03 13:42:21.669548,
9891,101,Lemon,1,Per Cup,0.28,2026-04-03 13:42:21.669548,
9892,101,Simple Syrup,2,Per Oz,0.03,2026-04-03 13:42:21.669548,
9893,101,Raspberry,0.75,Per Oz,0.29,2026-04-03 13:42:21.669548,
9894,102,Straw,1,Per Cup,0.01,2026-04-03 13:42:21.669548,
9895,102,Cup & Lid,1,Per Cup,0.21,2026-04-03 13:42:21.669548,
9896,102,Sticker (Logo),1,Per Cup,0.05,2026-04-03 13:42:21.669548,
9897,102,Sticker Printer,1,Per Cup,0.01,2026-04-03 13:42:21.669548,
9898,102,Cup Labor,1,Per Cup,0.06,2026-04-03 13:42:21.669548,
9899,102,Ice,1,per lb,0.19,2026-04-03 13:42:21.669548,
9900,102,Water,2,per cup (8oz),0.03,2026-04-03 13:42:21.669548,
9901,102,Lime,1,Per Cup,0.22,2026-04-03 13:42:21.669548,
9902,102,Simple Syrup,1.5,Per Oz,0.03,2026-04-03 13:42:21.669548,
9903,102,Sweetened Condensed Milk,1,Per Oz,0.14,2026-04-03 13:42:21.669548,
9904,102,Strawberry,0.5,Per Oz,0.29,2026-04-03 13:42:21.669548,
9905,102,French Vanilla,0.25,Per Oz,0.29,2026-04-03 13:42:21.669548,
9906,103,Straw,1,Per Cup,0.01,2026-04-03 13:42:21.669548,
9907,103,Cup & Lid,1,Per Cup,0.21,2026-04-03 13:42:21.669548,
9908,103,Sticker (Logo),1,Per Cup,0.05,2026-04-03 13:42:21.669548,
9909,103,Sticker Printer,1,Per Cup,0.01,2026-04-03 13:42:21.669548,
9910,103,Cup Labor,1,Per Cup,0.06,2026-04-03 13:42:21.669548,
9911,103,Ice,1,per lb,0.19,2026-04-03 13:42:21.669548,
9912,103,Water,2,per cup (8oz),0.03,2026-04-03 13:42:21.669548,
9913,103,Lemon,1,Per Cup,0.28,2026-04-03 13:42:21.669548,
9914,103,Simple Syrup,1.5,Per Oz,0.03,2026-04-03 13:42:21.669548,
9915,103,Sweetened Condensed Milk,1,Per Oz,0.14,2026-04-03 13:42:21.669548,
9916,103,Strawberry,0.5,Per Oz,0.29,2026-04-03 13:42:21.669548,
9917,103,French Vanilla,0.25,Per Oz,0.29,2026-04-03 13:42:21.669548,
9918,104,Straw,1,Per Cup,0.01,2026-04-03 13:42:21.669548,
9919,104,Cup & Lid,1,Per Cup,0.21,2026-04-03 13:42:21.669548,
9920,104,Sticker (Logo),1,Per Cup,0.05,2026-04-03 13:42:21.669548,
9921,104,Sticker Printer,1,Per Cup,0.01,2026-04-03 13:42:21.669548,
9922,104,Cup Labor,1,Per Cup,0.06,2026-04-03 13:42:21.669548,
9923,104,Ice,1,per lb,0.19,2026-04-03 13:42:21.669548,
9924,104,Water,2,per cup (8oz),0.03,2026-04-03 13:42:21.669548,
9925,104,Lemon,1,Per Cup,0.28,2026-04-03 13:42:21.669548,
9926,104,Lime,1,Per Cup,0.22,2026-04-03 13:42:21.669548,
9927,104,Simple Syrup,1.5,Per Oz,0.03,2026-04-03 13:42:21.669548,
9928,104,Sweetened Condensed Milk,1,Per Oz,0.14,2026-04-03 13:42:21.669548,
9929,104,Strawberry,0.5,Per Oz,0.29,2026-04-03 13:42:21.669548,
9930,104,French Vanilla,0.25,Per Oz,0.29,2026-04-03 13:42:21.669548,
9931,105,Straw,1,Per Cup,0.01,2026-04-03 13:42:21.669548,
9932,105,Cup & Lid,1,Per Cup,0.21,2026-04-03 13:42:21.669548,
9933,105,Sticker (Logo),1,Per Cup,0.05,2026-04-03 13:42:21.669548,
9934,105,Sticker Printer,1,Per Cup,0.01,2026-04-03 13:42:21.669548,
9935,105,Cup Labor,1,Per Cup,0.06,2026-04-03 13:42:21.669548,
9936,105,Ice,1,per lb,0.19,2026-04-03 13:42:21.669548,
9937,105,Water,2,per cup (8oz),0.03,2026-04-03 13:42:21.669548,
9938,105,Lemon,1,Per Cup,0.28,2026-04-03 13:42:21.669548,
9939,105,Simple Syrup,2,Per Oz,0.03,2026-04-03 13:42:21.669548,
9940,105,Strawberry,0.75,Per Oz,0.29,2026-04-03 13:42:21.669548,
9941,106,Straw,1,Per Cup,0.01,2026-04-03 13:42:21.669548,
9942,106,Cup & Lid,1,Per Cup,0.21,2026-04-03 13:42:21.669548,
9943,106,Sticker (Logo),1,Per Cup,0.05,2026-04-03 13:42:21.669548,
9944,106,Sticker Printer,1,Per Cup,0.01,2026-04-03 13:42:21.669548,
9945,106,Cup Labor,1,Per Cup,0.06,2026-04-03 13:42:21.669548,
9946,106,Ice,1,per lb,0.19,2026-04-03 13:42:21.669548,
9947,106,Water,2,per cup (8oz),0.03,2026-04-03 13:42:21.669548,
9948,106,Lime,1,Per Cup,0.22,2026-04-03 13:42:21.669548,
9949,106,Simple Syrup,2,Per Oz,0.03,2026-04-03 13:42:21.669548,
9950,106,Strawberry,0.75,Per Oz,0.29,2026-04-03 13:42:21.669548,
9951,107,Straw,1,Per Cup,0.01,2026-04-03 13:42:21.669548,
9952,107,Cup & Lid,1,Per Cup,0.21,2026-04-03 13:42:21.669548,
9953,107,Sticker (Logo),1,Per Cup,0.05,2026-04-03 13:42:21.669548,
9954,107,Sticker Printer,1,Per Cup,0.01,2026-04-03 13:42:21.669548,
9955,107,Cup Labor,1,Per Cup,0.06,2026-04-03 13:42:21.669548,
9956,107,Ice,1,per lb,0.19,2026-04-03 13:42:21.669548,
9957,107,Water,2,per cup (8oz),0.03,2026-04-03 13:42:21.669548,
9958,107,Lemon,1,Per Cup,0.28,2026-04-03 13:42:21.669548,
9959,107,Lime,1,Per Cup,0.22,2026-04-03 13:42:21.669548,
9960,107,Simple Syrup,2,Per Oz,0.03,2026-04-03 13:42:21.669548,
9961,107,Strawberry,0.75,Per Oz,0.29,2026-04-03 13:42:21.669548,
9962,108,Straw,1,Per Cup,0.01,2026-04-03 13:42:21.669548,
9963,108,Cup & Lid,1,Per Cup,0.21,2026-04-03 13:42:21.669548,
9964,108,Sticker (Logo),1,Per Cup,0.05,2026-04-03 13:42:21.669548,
9965,108,Sticker Printer,1,Per Cup,0.01,2026-04-03 13:42:21.669548,
9966,108,Cup Labor,1,Per Cup,0.06,2026-04-03 13:42:21.669548,
9967,108,Ice,1,per lb,0.19,2026-04-03 13:42:21.669548,
9968,108,Water,2,per cup (8oz),0.03,2026-04-03 13:42:21.669548,
9969,108,Lime,2,Per Cup,0.22,2026-04-03 13:42:21.669548,
9970,108,Simple Syrup,2,Per Oz,0.03,2026-04-03 13:42:21.669548,
9971,108,Sweetened Condensed Milk,2,Per Oz,0.14,2026-04-03 13:42:21.669548,
9972,108,Strawberry,0.25,Per oz,0.29,2026-04-03 13:42:21.669548,
9973,109,Straw,1,Per Cup,0.01,2026-04-03 13:42:21.669548,
9974,109,Cup & Lid,1,Per Cup,0.21,2026-04-03 13:42:21.669548,
9975,109,Sticker (Logo),1,Per Cup,0.05,2026-04-03 13:42:21.669548,
9976,109,Sticker Printer,1,Per Cup,0.01,2026-04-03 13:42:21.669548,
9977,109,Cup Labor,1,Per Cup,0.06,2026-04-03 13:42:21.669548,
9978,109,Ice,1,per lb,0.19,2026-04-03 13:42:21.669548,
9979,109,Water,2,per cup (8oz),0.03,2026-04-03 13:42:21.669548,
9980,109,Tea Concentrate,2,Per Cup,0.06,2026-04-03 13:42:21.669548,
9981,109,Lemon,1,Per Cup,0.28,2026-04-03 13:42:21.669548,
9982,109,Simple Syrup,2,Per Oz,0.03,2026-04-03 13:42:21.669548,
9983,109,Strawberry,0.75,Per Oz,0.29,2026-04-03 13:42:21.669548,
9984,110,Straw,1,Per Cup,0.01,2026-04-03 13:42:21.669548,
9985,110,Cup & Lid,1,Per Cup,0.21,2026-04-03 13:42:21.669548,
9986,110,Sticker (Logo),1,Per Cup,0.05,2026-04-03 13:42:21.669548,
9987,110,Sticker Printer,1,Per Cup,0.01,2026-04-03 13:42:21.669548,
9988,110,Cup Labor,1,Per Cup,0.06,2026-04-03 13:42:21.669548,
9989,110,Ice,1,per lb,0.19,2026-04-03 13:42:21.669548,
9990,110,Water,2,per cup (8oz),0.03,2026-04-03 13:42:21.669548,
9991,110,Lime,1,Per Cup,0.22,2026-04-03 13:42:21.669548,
9992,110,Simple Syrup,1.5,Per Oz,0.03,2026-04-03 13:42:21.669548,
9993,110,Sweetened Condensed Milk,1,Per Oz,0.14,2026-04-03 13:42:21.669548,
9994,110,Watermelon,0.5,Per Oz,0.29,2026-04-03 13:42:21.669548,
9995,110,French Vanilla,0.25,Per Oz,0.29,2026-04-03 13:42:21.669548,
9996,111,Straw,1,Per Cup,0.01,2026-04-03 13:42:21.669548,
9997,111,Cup & Lid,1,Per Cup,0.21,2026-04-03 13:42:21.669548,
9998,111,Sticker (Logo),1,Per Cup,0.05,2026-04-03 13:42:21.669548,
9999,111,Sticker Printer,1,Per Cup,0.01,2026-04-03 13:42:21.669548,
10000,111,Cup Labor,1,Per Cup,0.06,2026-04-03 13:42:21.669548,
10001,111,Ice,1,per lb,0.19,2026-04-03 13:42:21.669548,
10002,111,Water,2,per cup (8oz),0.03,2026-04-03 13:42:21.669548,
10003,111,Lemon,1,Per Cup,0.28,2026-04-03 13:42:21.669548,
10004,111,Simple Syrup,1.5,Per Oz,0.03,2026-04-03 13:42:21.669548,
10005,111,Sweetened Condensed Milk,1,Per Oz,0.14,2026-04-03 13:42:21.669548,
10006,111,Watermelon,0.5,Per Oz,0.29,2026-04-03 13:42:21.669548,
10007,111,French Vanilla,0.25,Per Oz,0.29,2026-04-03 13:42:21.669548,
10008,112,Straw,1,Per Cup,0.01,2026-04-03 13:42:21.669548,
10009,112,Cup & Lid,1,Per Cup,0.21,2026-04-03 13:42:21.669548,
10010,112,Sticker (Logo),1,Per Cup,0.05,2026-04-03 13:42:21.669548,
10011,112,Sticker Printer,1,Per Cup,0.01,2026-04-03 13:42:21.669548,
10012,112,Cup Labor,1,Per Cup,0.06,2026-04-03 13:42:21.669548,
10013,112,Ice,1,per lb,0.19,2026-04-03 13:42:21.669548,
10014,112,Water,2,per cup (8oz),0.03,2026-04-03 13:42:21.669548,
10015,112,Lemon,1,Per Cup,0.28,2026-04-03 13:42:21.669548,
10016,112,Lime,1,Per Cup,0.22,2026-04-03 13:42:21.669548,
10017,112,Simple Syrup,1.5,Per Oz,0.03,2026-04-03 13:42:21.669548,
10018,112,Sweetened Condensed Milk,1,Per Oz,0.14,2026-04-03 13:42:21.669548,
10019,112,Watermelon,0.5,Per Oz,0.29,2026-04-03 13:42:21.669548,
10020,112,French Vanilla,0.25,Per Oz,0.29,2026-04-03 13:42:21.669548,
10021,113,Straw,1,Per Cup,0.01,2026-04-03 13:42:21.669548,
10022,113,Cup & Lid,1,Per Cup,0.21,2026-04-03 13:42:21.669548,
10023,113,Sticker (Logo),1,Per Cup,0.05,2026-04-03 13:42:21.669548,
10024,113,Sticker Printer,1,Per Cup,0.01,2026-04-03 13:42:21.669548,
10025,113,Cup Labor,1,Per Cup,0.06,2026-04-03 13:42:21.669548,
10026,113,Ice,1,per lb,0.19,2026-04-03 13:42:21.669548,
10027,113,Water,2,per cup (8oz),0.03,2026-04-03 13:42:21.669548,
10028,113,Lemon,1,Per Cup,0.28,2026-04-03 13:42:21.669548,
10029,113,Simple Syrup,2,Per Oz,0.03,2026-04-03 13:42:21.669548,
10030,113,Watermelon,0.75,Per Oz,0.29,2026-04-03 13:42:21.669548,
10031,274,Straw,1,Per Cup,0.01,2026-04-03 13:42:21.669548,
10032,274,Cup & Lid,1,Per Cup,0.21,2026-04-03 13:42:21.669548,
10033,274,Sticker (Logo),1,Per Cup,0.05,2026-04-03 13:42:21.669548,
10034,274,Sticker Printer,1,Per Cup,0.01,2026-04-03 13:42:21.669548,
10035,274,Cup Labor,1,Per Cup,0.06,2026-04-03 13:42:21.669548,
10036,274,Ice,1,per lb,0.19,2026-04-03 13:42:21.669548,
10037,274,Water,2,per cup (8oz),0.03,2026-04-03 13:42:21.669548,
10038,274,Lime,1,Per Cup,0.22,2026-04-03 13:42:21.669548,
10039,274,Simple Syrup,2,Per Oz,0.03,2026-04-03 13:42:21.669548,
10040,274,Watermelon,0.75,Per Oz,0.29,2026-04-03 13:42:21.669548,
10041,115,Straw,1,Per Cup,0.01,2026-04-03 13:42:21.669548,
10042,115,Cup & Lid,1,Per Cup,0.21,2026-04-03 13:42:21.669548,
10043,115,Sticker (Logo),1,Per Cup,0.05,2026-04-03 13:42:21.669548,
10044,115,Sticker Printer,1,Per Cup,0.01,2026-04-03 13:42:21.669548,
10045,115,Cup Labor,1,Per Cup,0.06,2026-04-03 13:42:21.669548,
10046,115,Ice,1,per lb,0.19,2026-04-03 13:42:21.669548,
10047,115,Water,2,per cup (8oz),0.03,2026-04-03 13:42:21.669548,
10048,115,Lemon,1,Per Cup,0.28,2026-04-03 13:42:21.669548,
10049,115,Lime,1,Per Cup,0.22,2026-04-03 13:42:21.669548,
10050,115,Simple Syrup,2,Per Oz,0.03,2026-04-03 13:42:21.669548,
10051,115,Watermelon,0.75,Per Oz,0.29,2026-04-03 13:42:21.669548,
10052,116,Straw,1,Per Cup,0.01,2026-04-03 13:42:21.669548,
10053,116,Cup & Lid,1,Per Cup,0.21,2026-04-03 13:42:21.669548,
10054,116,Sticker (Logo),1,Per Cup,0.05,2026-04-03 13:42:21.669548,
10055,116,Sticker Printer,1,Per Cup,0.01,2026-04-03 13:42:21.669548,
10056,116,Cup Labor,1,Per Cup,0.06,2026-04-03 13:42:21.669548,
10057,116,Ice,1,per lb,0.19,2026-04-03 13:42:21.669548,
10058,116,Water,2,per cup (8oz),0.03,2026-04-03 13:42:21.669548,
10059,116,Lime,2,Per Cup,0.22,2026-04-03 13:42:21.669548,
10060,116,Simple Syrup,2,Per Oz,0.03,2026-04-03 13:42:21.669548,
10061,116,Sweetened Condensed Milk,2,Per Oz,0.14,2026-04-03 13:42:21.669548,
10062,116,Watermelon,0.25,Per oz,0.29,2026-04-03 13:42:21.669548,
10063,117,Straw,1,Per Cup,0.01,2026-04-03 13:42:21.669548,
10064,117,Cup & Lid,1,Per Cup,0.21,2026-04-03 13:42:21.669548,
10065,117,Sticker (Logo),1,Per Cup,0.05,2026-04-03 13:42:21.669548,
10066,117,Sticker Printer,1,Per Cup,0.01,2026-04-03 13:42:21.669548,
10067,117,Cup Labor,1,Per Cup,0.06,2026-04-03 13:42:21.669548,
10068,117,Ice,1,per lb,0.19,2026-04-03 13:42:21.669548,
10069,117,Water,2,per cup (8oz),0.03,2026-04-03 13:42:21.669548,
10070,117,Tea Concentrate,2,Per Cup,0.06,2026-04-03 13:42:21.669548,
10071,117,Lemon,1,Per Cup,0.28,2026-04-03 13:42:21.669548,
10072,117,Simple Syrup,2,Per Oz,0.03,2026-04-03 13:42:21.669548,
10073,117,Watermelon,0.75,Per Oz,0.29,2026-04-03 13:42:21.669548,
10074,118,Straw,1,Per Cup,0.01,2026-04-03 13:42:21.669548,
10075,118,Cup & Lid,1,Per Cup,0.21,2026-04-03 13:42:21.669548,
10076,118,Sticker (Logo),1,Per Cup,0.05,2026-04-03 13:42:21.669548,
10077,118,Sticker Printer,1,Per Cup,0.01,2026-04-03 13:42:21.669548,
10078,118,Cup Labor,1,Per Cup,0.06,2026-04-03 13:42:21.669548,
10079,118,Ice,1,per lb,0.19,2026-04-03 13:42:21.669548,
10080,118,Water,2,per cup (8oz),0.03,2026-04-03 13:42:21.669548,
10081,118,Lime,1,Per Cup,0.22,2026-04-03 13:42:21.669548,
10082,118,Simple Syrup,1.5,Per Oz,0.03,2026-04-03 13:42:21.669548,
10083,118,Sweetened Condensed Milk,1,Per Oz,0.14,2026-04-03 13:42:21.669548,
10084,118,French Vanilla,0.75,Per Oz,0.29,2026-04-03 13:42:21.669548,
10085,119,Straw,1,Per Cup,0.01,2026-04-03 13:42:21.669548,
10086,119,Cup & Lid,1,Per Cup,0.21,2026-04-03 13:42:21.669548,
10087,119,Sticker (Logo),1,Per Cup,0.05,2026-04-03 13:42:21.669548,
10088,119,Sticker Printer,1,Per Cup,0.01,2026-04-03 13:42:21.669548,
10089,119,Cup Labor,1,Per Cup,0.06,2026-04-03 13:42:21.669548,
10090,119,Ice,1,per lb,0.19,2026-04-03 13:42:21.669548,
10091,119,Water,2,per cup (8oz),0.03,2026-04-03 13:42:21.669548,
10092,119,Lemon,1,Per Cup,0.28,2026-04-03 13:42:21.669548,
10093,119,Simple Syrup,1.5,Per Oz,0.03,2026-04-03 13:42:21.669548,
10094,119,Sweetened Condensed Milk,1,Per Oz,0.14,2026-04-03 13:42:21.669548,
10095,119,French Vanilla,0.75,Per Oz,0.29,2026-04-03 13:42:21.669548,
10096,120,Straw,1,Per Cup,0.01,2026-04-03 13:42:21.669548,
10097,120,Cup & Lid,1,Per Cup,0.21,2026-04-03 13:42:21.669548,
10098,120,Sticker (Logo),1,Per Cup,0.05,2026-04-03 13:42:21.669548,
10099,120,Sticker Printer,1,Per Cup,0.01,2026-04-03 13:42:21.669548,
10100,120,Cup Labor,1,Per Cup,0.06,2026-04-03 13:42:21.669548,
10101,120,Ice,1,per lb,0.19,2026-04-03 13:42:21.669548,
10102,120,Water,2,per cup (8oz),0.03,2026-04-03 13:42:21.669548,
10103,120,Lemon,1,Per Cup,0.28,2026-04-03 13:42:21.669548,
10104,120,Lime,1,Per Cup,0.22,2026-04-03 13:42:21.669548,
10105,120,Simple Syrup,1.5,Per Oz,0.03,2026-04-03 13:42:21.669548,
10106,120,Sweetened Condensed Milk,1,Per Oz,0.14,2026-04-03 13:42:21.669548,
10107,120,French Vanilla,0.75,Per Oz,0.29,2026-04-03 13:42:21.669548,
10108,121,Straw,1,Per Cup,0.01,2026-04-03 13:42:21.669548,
10109,121,Cup & Lid,1,Per Cup,0.21,2026-04-03 13:42:21.669548,
10110,121,Sticker (Logo),1,Per Cup,0.05,2026-04-03 13:42:21.669548,
10111,121,Sticker Printer,1,Per Cup,0.01,2026-04-03 13:42:21.669548,
10112,121,Cup Labor,1,Per Cup,0.06,2026-04-03 13:42:21.669548,
10113,121,Ice,1,per lb,0.19,2026-04-03 13:42:21.669548,
10114,121,Water,2,per cup (8oz),0.03,2026-04-03 13:42:21.669548,
10115,121,Lemon,1,Per Cup,0.28,2026-04-03 13:42:21.669548,
10116,121,Simple Syrup,2,Per Oz,0.03,2026-04-03 13:42:21.669548,
10117,121,French Vanilla,0.75,Per Oz,0.29,2026-04-03 13:42:21.669548,
10118,122,Straw,1,Per Cup,0.01,2026-04-03 13:42:21.669548,
10119,122,Cup & Lid,1,Per Cup,0.21,2026-04-03 13:42:21.669548,
10120,122,Sticker (Logo),1,Per Cup,0.05,2026-04-03 13:42:21.669548,
10121,122,Sticker Printer,1,Per Cup,0.01,2026-04-03 13:42:21.669548,
10122,122,Cup Labor,1,Per Cup,0.06,2026-04-03 13:42:21.669548,
10123,122,Ice,1,per lb,0.19,2026-04-03 13:42:21.669548,
10124,122,Water,2,per cup (8oz),0.03,2026-04-03 13:42:21.669548,
10125,122,Lime,1,Per Cup,0.22,2026-04-03 13:42:21.669548,
10126,122,Simple Syrup,2,Per Oz,0.03,2026-04-03 13:42:21.669548,
10127,122,French Vanilla,0.75,Per Oz,0.29,2026-04-03 13:42:21.669548,
10128,123,Straw,1,Per Cup,0.01,2026-04-03 13:42:21.669548,
10129,123,Cup & Lid,1,Per Cup,0.21,2026-04-03 13:42:21.669548,
10130,123,Sticker (Logo),1,Per Cup,0.05,2026-04-03 13:42:21.669548,
10131,123,Sticker Printer,1,Per Cup,0.01,2026-04-03 13:42:21.669548,
10132,123,Cup Labor,1,Per Cup,0.06,2026-04-03 13:42:21.669548,
10133,123,Ice,1,per lb,0.19,2026-04-03 13:42:21.669548,
10134,123,Water,2,per cup (8oz),0.03,2026-04-03 13:42:21.669548,
10135,123,Lemon,1,Per Cup,0.28,2026-04-03 13:42:21.669548,
10136,123,Lime,1,Per Cup,0.22,2026-04-03 13:42:21.669548,
10137,123,Simple Syrup,2,Per Oz,0.03,2026-04-03 13:42:21.669548,
10138,123,French Vanilla,0.75,Per Oz,0.29,2026-04-03 13:42:21.669548,
10139,124,Straw,1,Per Cup,0.01,2026-04-03 13:42:21.669548,
10140,124,Cup & Lid,1,Per Cup,0.21,2026-04-03 13:42:21.669548,
10141,124,Sticker (Logo),1,Per Cup,0.05,2026-04-03 13:42:21.669548,
10142,124,Sticker Printer,1,Per Cup,0.01,2026-04-03 13:42:21.669548,
10143,124,Cup Labor,1,Per Cup,0.06,2026-04-03 13:42:21.669548,
10144,124,Ice,1,per lb,0.19,2026-04-03 13:42:21.669548,
10145,124,Water,2,per cup (8oz),0.03,2026-04-03 13:42:21.669548,
10146,124,Lime,2,Per Cup,0.22,2026-04-03 13:42:21.669548,
10147,124,Simple Syrup,2,Per Oz,0.03,2026-04-03 13:42:21.669548,
10148,124,Sweetened Condensed Milk,2,Per Oz,0.14,2026-04-03 13:42:21.669548,
10149,124,French Vanilla,0.25,Per oz,0.29,2026-04-03 13:42:21.669548,
10150,125,Straw,1,Per Cup,0.01,2026-04-03 13:42:21.669548,
10151,125,Cup & Lid,1,Per Cup,0.21,2026-04-03 13:42:21.669548,
10152,125,Sticker (Logo),1,Per Cup,0.05,2026-04-03 13:42:21.669548,
10153,125,Sticker Printer,1,Per Cup,0.01,2026-04-03 13:42:21.669548,
10154,125,Cup Labor,1,Per Cup,0.06,2026-04-03 13:42:21.669548,
10155,125,Ice,1,per lb,0.19,2026-04-03 13:42:21.669548,
10156,125,Water,2,per cup (8oz),0.03,2026-04-03 13:42:21.669548,
10157,125,Tea Concentrate,2,Per Cup,0.06,2026-04-03 13:42:21.669548,
10158,125,Lemon,1,Per Cup,0.28,2026-04-03 13:42:21.669548,
10159,125,Simple Syrup,2,Per Oz,0.03,2026-04-03 13:42:21.669548,
10160,125,French Vanilla,0.75,Per Oz,0.29,2026-04-03 13:42:21.669548,
10161,126,Straw,1,Per Cup,0.01,2026-04-03 13:42:21.669548,
10162,126,Cup & Lid,1,Per Cup,0.21,2026-04-03 13:42:21.669548,
10163,126,Sticker (Logo),1,Per Cup,0.05,2026-04-03 13:42:21.669548,
10164,126,Sticker Printer,1,Per Cup,0.01,2026-04-03 13:42:21.669548,
10165,126,Cup Labor,1,Per Cup,0.06,2026-04-03 13:42:21.669548,
10166,126,Ice,1,per lb,0.19,2026-04-03 13:42:21.669548,
10167,126,Water,2,per cup (8oz),0.03,2026-04-03 13:42:21.669548,
10168,126,Lime,1,Per Cup,0.22,2026-04-03 13:42:21.669548,
10169,126,Simple Syrup,1.5,Per Oz,0.03,2026-04-03 13:42:21.669548,
10170,126,Sweetened Condensed Milk,1,Per Oz,0.14,2026-04-03 13:42:21.669548,
10171,126,Cherry,0.5,Per Oz,0.29,2026-04-03 13:42:21.669548,
10172,126,French Vanilla,0.25,Per Oz,0.29,2026-04-03 13:42:21.669548,
10173,127,Straw,1,Per Cup,0.01,2026-04-03 13:42:21.669548,
10174,127,Cup & Lid,1,Per Cup,0.21,2026-04-03 13:42:21.669548,
10175,127,Sticker (Logo),1,Per Cup,0.05,2026-04-03 13:42:21.669548,
10176,127,Sticker Printer,1,Per Cup,0.01,2026-04-03 13:42:21.669548,
10177,127,Cup Labor,1,Per Cup,0.06,2026-04-03 13:42:21.669548,
10178,127,Ice,1,per lb,0.19,2026-04-03 13:42:21.669548,
10179,127,Water,2,per cup (8oz),0.03,2026-04-03 13:42:21.669548,
10180,127,Lemon,1,Per Cup,0.28,2026-04-03 13:42:21.669548,
10181,127,Simple Syrup,1.5,Per Oz,0.03,2026-04-03 13:42:21.669548,
10182,127,Sweetened Condensed Milk,1,Per Oz,0.14,2026-04-03 13:42:21.669548,
10183,127,Cherry,0.5,Per Oz,0.29,2026-04-03 13:42:21.669548,
10184,127,French Vanilla,0.25,Per Oz,0.29,2026-04-03 13:42:21.669548,
10185,128,Straw,1,Per Cup,0.01,2026-04-03 13:42:21.669548,
10186,128,Cup & Lid,1,Per Cup,0.21,2026-04-03 13:42:21.669548,
10187,128,Sticker (Logo),1,Per Cup,0.05,2026-04-03 13:42:21.669548,
10188,128,Sticker Printer,1,Per Cup,0.01,2026-04-03 13:42:21.669548,
10189,128,Cup Labor,1,Per Cup,0.06,2026-04-03 13:42:21.669548,
10190,128,Ice,1,per lb,0.19,2026-04-03 13:42:21.669548,
10191,128,Water,2,per cup (8oz),0.03,2026-04-03 13:42:21.669548,
10192,128,Lemon,1,Per Cup,0.28,2026-04-03 13:42:21.669548,
10193,128,Lime,1,Per Cup,0.22,2026-04-03 13:42:21.669548,
10194,128,Simple Syrup,1.5,Per Oz,0.03,2026-04-03 13:42:21.669548,
10195,128,Sweetened Condensed Milk,1,Per Oz,0.14,2026-04-03 13:42:21.669548,
10196,128,Cherry,0.5,Per Oz,0.29,2026-04-03 13:42:21.669548,
10197,128,French Vanilla,0.25,Per Oz,0.29,2026-04-03 13:42:21.669548,
10198,129,Straw,1,Per Cup,0.01,2026-04-03 13:42:21.669548,
10199,129,Cup & Lid,1,Per Cup,0.21,2026-04-03 13:42:21.669548,
10200,129,Sticker (Logo),1,Per Cup,0.05,2026-04-03 13:42:21.669548,
10201,129,Sticker Printer,1,Per Cup,0.01,2026-04-03 13:42:21.669548,
10202,129,Cup Labor,1,Per Cup,0.06,2026-04-03 13:42:21.669548,
10203,129,Ice,1,per lb,0.19,2026-04-03 13:42:21.669548,
10204,129,Water,2,per cup (8oz),0.03,2026-04-03 13:42:21.669548,
10205,129,Lemon,1,Per Cup,0.28,2026-04-03 13:42:21.669548,
10206,129,Simple Syrup,2,Per Oz,0.03,2026-04-03 13:42:21.669548,
10207,129,Cherry,0.75,Per Oz,0.29,2026-04-03 13:42:21.669548,
10218,131,Straw,1,Per Cup,0.01,2026-04-03 13:42:21.669548,
10219,131,Cup & Lid,1,Per Cup,0.21,2026-04-03 13:42:21.669548,
10220,131,Sticker (Logo),1,Per Cup,0.05,2026-04-03 13:42:21.669548,
10221,131,Sticker Printer,1,Per Cup,0.01,2026-04-03 13:42:21.669548,
10222,131,Cup Labor,1,Per Cup,0.06,2026-04-03 13:42:21.669548,
10223,131,Ice,1,per lb,0.19,2026-04-03 13:42:21.669548,
10224,131,Water,2,per cup (8oz),0.03,2026-04-03 13:42:21.669548,
10225,131,Lemon,1,Per Cup,0.28,2026-04-03 13:42:21.669548,
10226,131,Lime,1,Per Cup,0.22,2026-04-03 13:42:21.669548,
10227,131,Simple Syrup,2,Per Oz,0.03,2026-04-03 13:42:21.669548,
10228,131,Cherry,0.75,Per Oz,0.29,2026-04-03 13:42:21.669548,
10229,132,Straw,1,Per Cup,0.01,2026-04-03 13:42:21.669548,
10230,132,Cup & Lid,1,Per Cup,0.21,2026-04-03 13:42:21.669548,
10231,132,Sticker (Logo),1,Per Cup,0.05,2026-04-03 13:42:21.669548,
10232,132,Sticker Printer,1,Per Cup,0.01,2026-04-03 13:42:21.669548,
10233,132,Cup Labor,1,Per Cup,0.06,2026-04-03 13:42:21.669548,
10234,132,Ice,1,per lb,0.19,2026-04-03 13:42:21.669548,
10235,132,Water,2,per cup (8oz),0.03,2026-04-03 13:42:21.669548,
10236,132,Lime,2,Per Cup,0.22,2026-04-03 13:42:21.669548,
10237,132,Simple Syrup,2,Per Oz,0.03,2026-04-03 13:42:21.669548,
10238,132,Sweetened Condensed Milk,2,Per Oz,0.14,2026-04-03 13:42:21.669548,
10239,132,Cherry,0.25,Per oz,0.29,2026-04-03 13:42:21.669548,
10240,133,Straw,1,Per Cup,0.01,2026-04-03 13:42:21.669548,
10241,133,Cup & Lid,1,Per Cup,0.21,2026-04-03 13:42:21.669548,
10242,133,Sticker (Logo),1,Per Cup,0.05,2026-04-03 13:42:21.669548,
10243,133,Sticker Printer,1,Per Cup,0.01,2026-04-03 13:42:21.669548,
10244,133,Cup Labor,1,Per Cup,0.06,2026-04-03 13:42:21.669548,
10245,133,Ice,1,per lb,0.19,2026-04-03 13:42:21.669548,
10246,133,Water,2,per cup (8oz),0.03,2026-04-03 13:42:21.669548,
10247,133,Tea Concentrate,2,Per Cup,0.06,2026-04-03 13:42:21.669548,
10248,133,Lemon,1,Per Cup,0.28,2026-04-03 13:42:21.669548,
10249,133,Simple Syrup,2,Per Oz,0.03,2026-04-03 13:42:21.669548,
10250,133,Cherry,0.75,Per Oz,0.29,2026-04-03 13:42:21.669548,
